Date,Meal,Calories,Fat (g),Saturated Fat,Polyunsaturated Fat,Monounsaturated Fat,Trans Fat,Cholesterol,Sodium (mg),Potassium,Carbohydrates (g),Fiber,Sugar,Protein (g),Vitamin A,Vitamin C,Calcium,Iron,Note
2016-11-14,Breakfast,276.0,12.0,13.0,0.0,0.0,0.0,440.0,730.0,0.0,10.8,0.0,0.0,30.8,36.0,0.0,52.0,24.0,
2016-11-14,Lunch,687.0,15.4,7.9,0.0,0.0,0.0,0.0,360.0,0.0,46.7,2.3,18.7,6.2,0.0,0.0,0.0,0.0,
2016-11-15,Dinner,612.0,30.0,13.5,0.0,0.0,0.0,180.0,300.0,450.0,49.5,0.0,0.0,34.5,0.0,0.0,0.0,0.0,
2016-11-15,Lunch,680.0,16.9,28.6,0.0,0.0,19.0,0.0,200.0,147.5,51.5,2.8,34.7,22.3,0.0,0.0,5.0,9.0,
2017-01-12,Dinner,952.0,15.8,10.0,0.0,0.0,0.0,70.2,1346.0,468.0,142.2,22.0,24.2,47.6,0.0,23.6,6.0,16.0,
2017-01-12,Lunch,588.0,23.4,15.6,0.0,0.0,0.0,440.0,1689.0,0.0,54.8,0.0,4.0,38.1,36.0,0.0,52.0,24.0,
2017-01-13,Breakfast,476.0,7.9,5.0,0.0,0.0,0.0,35.1,673.0,234.0,71.1,11.0,12.1,23.8,0.0,11.8,3.0,8.0,
2017-07-26,Breakfast,270.0,9.0,3.0,0.0,0.0,0.0,90.0,1180.0,0.0,26.0,1.0,2.0,19.0,40.0,2.0,4.0,20.0,
2018-01-23,Breakfast,476.0,19.6,2.4,5.4,1.8,0.0,0.0,870.4,0.0,61.8,10.0,6.1,15.2,0.0,0.0,0.0,0.0,
2018-01-23,Dinner,385.4,7.9,1.6,3.9,2.6,0.0,0.0,457.6,454.2,61.9,9.3,2.1,15.5,0.0,2.4,9.2,32.4,
2018-01-23,Snacks,130.0,4.0,0.0,0.0,0.0,0.0,0.0,2.0,0.0,34.0,6.0,26.0,0.0,2.0,20.0,2.0,2.0,
2018-01-24,Breakfast,361.0,7.9,0.5,0.0,0.0,0.0,0.0,310.2,70.0,52.7,2.6,2.8,6.4,53.0,5.0,1.0,1.0,
2018-01-24,Dinner,706.4,16.8,4.6,5.5,3.7,0.0,62.0,743.4,652.2,112.7,13.2,5.6,42.9,1.0,5.9,18.7,44.9,
2018-01-24,Snacks,300.5,16.6,2.4,2.4,6.0,0.0,1.3,87.0,132.0,46.4,8.7,32.6,4.7,2.0,20.0,7.8,7.3,
2018-01-25,Breakfast,455.0,15.1,1.2,5.4,1.8,0.0,0.0,300.4,0.0,54.6,6.8,3.8,10.4,0.0,0.0,0.0,0.0,
2018-01-25,Dinner,400.0,2.0,0.0,0.0,0.0,0.0,0.0,0.0,0.0,82.0,4.0,4.0,14.0,0.0,0.0,0.0,20.0,
2018-01-25,Snacks,130.0,4.0,0.0,0.0,0.0,0.0,0.0,2.0,0.0,34.0,6.0,26.0,0.0,2.0,20.0,2.0,2.0,
2018-01-26,Dinner,320.0,1.4,0.0,0.0,0.0,0.0,0.0,0.0,0.0,65.6,0.0,0.0,10.0,0.0,0.0,0.0,0.0,
2018-01-26,Lunch,580.0,29.0,4.5,0.0,0.0,0.0,35.0,640.0,0.0,65.0,1.0,1.0,16.0,0.0,0.0,4.0,8.0,
2018-01-27,Lunch,490.0,22.4,3.9,0.0,0.0,0.0,0.0,0.7,0.0,57.0,4.3,18.4,17.5,0.0,0.0,0.0,0.0,
2018-01-28,Lunch,555.4,24.4,9.4,5.5,3.7,0.0,0.0,768.4,571.2,66.2,12.3,4.8,19.0,0.0,3.4,10.2,28.9,
2018-01-28,Snacks,152.0,4.4,1.7,0.0,0.0,0.5,2.5,55.0,0.0,25.3,2.9,18.6,1.8,0.0,0.0,0.0,0.0,
2018-01-29,Breakfast,455.0,15.1,1.2,5.4,1.8,0.0,0.0,300.4,0.0,54.6,6.8,3.8,10.4,0.0,0.0,0.0,0.0,
2018-01-29,Dinner,288.0,12.6,2.5,1.4,8.7,0.0,0.0,319.0,51.0,60.9,3.6,3.1,8.6,1.0,7.0,4.0,15.0,
2018-01-29,Snacks,108.0,9.6,0.6,2.4,6.0,0.0,0.0,60.0,132.0,3.6,2.4,0.6,4.2,0.0,0.0,4.8,4.8,
2018-01-30,Breakfast,475.0,20.5,8.0,0.0,0.0,0.0,0.0,702.0,0.0,54.0,0.0,2.0,5.0,0.0,0.0,0.0,0.0,
2018-02-03,Lunch,200.8,11.8,5.5,1.4,4.0,0.8,374.0,124.2,139.4,1.4,0.0,1.3,15.5,10.0,0.0,4.0,6.0,
2018-04-14,Breakfast,304.0,16.9,4.3,3.0,5.4,0.8,338.0,140.0,162.0,18.5,2.3,1.7,16.4,14.0,0.0,8.0,8.0,
2018-04-16,Breakfast,304.0,16.9,4.3,3.0,5.4,0.8,338.0,140.0,162.0,18.5,2.3,1.7,16.4,14.0,0.0,8.0,8.0,
2018-04-19,Breakfast,611.5,23.1,6.4,3.0,5.4,0.8,338.0,140.0,162.0,64.3,0.0,0.1,32.4,14.0,0.0,8.0,8.0,
2018-04-24,Breakfast,243.0,0.0,0.0,0.0,0.0,0.0,0.0,0.0,0.0,0.0,0.0,0.0,0.0,0.0,0.0,0.0,0.0,
2018-04-24,Lunch,298.0,6.7,0.7,2.0,3.7,0.0,0.0,430.0,0.0,40.7,3.5,4.2,20.5,0.0,0.0,0.0,0.0,
2018-04-25,Breakfast,110.0,5.0,2.5,0.0,0.0,0.0,20.0,45.0,0.0,15.0,0.0,9.0,1.0,0.0,0.0,2.0,4.0,
2018-04-25,Lunch,395.0,18.8,8.8,0.0,0.0,0.0,0.0,3.1,0.0,49.6,1.0,36.7,4.1,0.0,0.0,0.0,0.0,
2018-04-26,Lunch,462.0,21.6,6.3,0.0,0.0,0.0,0.0,0.0,0.0,48.0,3.2,0.0,16.7,0.0,0.0,0.0,0.0,
2018-05-05,Breakfast,221.0,11.3,1.7,1.4,7.0,0.0,0.0,115.0,461.6,23.2,8.4,1.5,10.4,2.0,12.0,5.1,2.0,
2018-06-26,Breakfast,504.2,24.8,9.4,1.5,2.8,0.0,184.5,540.2,69.9,54.9,0.8,1.1,15.7,7.2,0.0,2.9,4.8,
2019-10-09,Dinner,150.0,9.0,5.1,0.6,3.1,0.0,0.0,28.0,0.0,0.0,0.4,14.0,2.0,0.0,0.0,0.0,0.0,
2019-10-09,Lunch,941.0,33.7,8.8,0.8,3.4,0.0,0.0,990.0,0.0,107.7,0.0,23.4,48.6,0.0,0.0,0.0,0.0,
2020-05-29,Breakfast,832.0,31.3,5.3,0.0,0.0,0.0,0.0,0.0,0.0,98.5,0.0,0.4,37.3,0.0,0.0,0.0,0.0,
2020-09-11,Breakfast,145.0,0.6,0.1,0.1,0.0,0.0,0.0,3.2,548.4,37.0,4.5,22.4,1.9,13.5,43.3,7.9,1.3,
2020-09-11,Dinner,250.5,2.5,0.0,0.0,0.0,0.0,0.0,4.0,0.0,47.0,0.0,0.0,7.0,0.0,0.0,0.0,0.0,
2020-09-11,Lunch,339.2,19.1,7.7,1.9,5.5,0.0,400.0,211.0,138.0,25.5,2.8,2.3,17.3,17.0,5.0,5.0,14.0,
2020-09-11,Snacks,367.0,19.0,6.1,0.0,0.0,0.0,0.0,344.2,0.0,34.9,2.0,13.0,14.4,0.0,0.0,20.0,0.0,
2020-09-12,Breakfast,372.0,0.0,0.0,0.0,0.0,0.0,0.0,0.0,0.0,0.0,0.0,0.0,0.0,0.0,0.0,0.0,0.0,
2020-09-13,Breakfast,95.0,4.5,2.0,0.0,0.0,0.0,10.0,0.0,0.0,12.5,0.5,5.5,1.5,2.0,0.0,1.0,4.0,
2020-09-13,Dinner,1100.0,0.0,0.0,0.0,0.0,0.0,0.0,0.0,0.0,0.0,0.0,0.0,0.0,0.0,0.0,0.0,0.0,
2020-09-13,Lunch,146.0,0.0,0.0,0.0,0.0,0.0,0.0,0.0,0.0,0.0,0.0,0.0,0.0,0.0,0.0,0.0,0.0,
2020-09-13,Snacks,168.5,2.7,1.2,0.1,0.0,0.0,5.0,1.0,487.0,40.8,3.8,19.8,2.3,3.0,20.0,1.5,4.0,
2020-09-14,Breakfast,49.0,0.1,0.1,0.0,0.0,0.0,0.0,27.0,0.0,6.6,0.0,5.7,4.8,0.0,0.0,30.0,0.0,
2020-09-14,Lunch,352.8,20.3,7.7,1.9,5.5,0.0,400.0,211.0,138.0,26.1,3.0,2.3,17.4,17.0,5.0,5.0,14.0,
2020-09-14,Snacks,45.0,0.1,0.0,0.0,0.0,0.0,0.0,0.0,0.0,13.6,2.3,9.0,0.9,4.0,85.0,4.0,1.0,
2020-09-15,Breakfast,121.0,0.4,0.2,0.1,0.0,0.0,0.0,1.0,487.0,34.5,3.5,17.0,1.5,2.0,20.0,1.0,2.0,
2020-09-15,Lunch,48.6,0.5,0.0,0.2,0.1,0.0,0.0,1.5,232.6,11.7,3.0,7.4,1.0,1.5,89.4,24.3,0.6,
2020-09-16,Breakfast,130.0,4.8,0.0,0.0,0.0,0.0,0.0,0.0,0.0,18.0,0.0,0.0,2.8,0.0,0.0,0.0,0.0,
2020-09-16,Snacks,178.6,5.3,0.0,0.2,0.1,0.0,0.0,1.5,232.6,29.7,3.0,7.4,3.8,1.5,89.4,24.3,0.6,
2020-09-21,Breakfast,446.0,3.1,0.0,0.0,0.0,0.0,0.0,0.0,0.0,58.3,1.3,0.0,8.4,0.0,0.0,0.0,0.0,
2020-09-24,Breakfast,566.0,21.9,1.7,0.9,5.2,0.0,0.0,720.0,0.0,71.1,5.5,2.9,22.8,0.0,0.0,0.0,0.0,
2020-10-10,Breakfast,592.1,17.7,3.5,0.9,5.2,0.0,0.0,5.5,351.3,87.0,5.9,8.3,26.2,0.0,0.0,0.0,0.0,
2020-10-10,Lunch,270.0,18.7,4.1,2.4,4.4,0.6,277.0,145.1,132.0,12.0,2.3,4.1,13.7,11.6,0.0,6.6,7.3,
2020-10-14,Breakfast,296.2,13.9,5.1,1.4,4.0,0.8,374.0,124.0,126.0,24.7,2.8,2.1,16.3,10.0,0.0,4.0,6.0,
2020-10-14,Lunch,522.0,18.6,5.4,1.0,2.0,0.0,162.1,329.5,735.3,53.8,8.4,3.7,56.8,6.4,70.5,1.2,5.0,
2020-10-15,Breakfast,296.2,13.9,5.1,1.4,4.0,0.8,374.0,124.0,126.0,24.7,2.8,2.1,16.3,10.0,0.0,4.0,6.0,
2020-10-15,Dinner,113.0,1.0,0.0,0.0,0.0,0.0,0.0,0.0,0.0,22.0,0.0,0.0,2.0,0.0,0.0,0.0,0.0,
2020-10-15,Lunch,222.3,12.0,2.2,0.9,1.7,0.0,140.5,377.6,555.4,1.1,0.1,0.7,39.5,0.8,0.0,0.6,3.1,
2020-10-16,Breakfast,275.9,8.6,4.2,0.4,1.8,0.2,100.5,77.0,479.1,39.1,5.2,2.2,12.4,30.7,81.2,43.8,2.2,
2020-10-16,Dinner,480.9,15.8,3.5,0.0,0.0,0.0,0.0,315.0,287.6,41.5,6.9,1.5,8.6,28.2,84.2,42.8,23.2,
2020-10-16,Lunch,347.0,12.2,1.3,0.1,0.1,0.0,0.0,1052.0,176.0,44.9,2.9,17.4,17.1,2.0,6.0,1.0,1.0,
2020-10-17,Breakfast,197.0,9.9,0.6,0.9,5.2,0.0,0.0,0.0,0.0,25.1,1.5,0.0,2.8,0.0,0.0,0.0,0.0,
2020-10-17,Dinner,845.4,42.0,19.1,7.4,5.6,1.7,172.1,0.0,440.3,47.3,5.6,2.2,69.3,0.0,0.0,0.0,13.0,
2020-10-17,Lunch,217.6,3.2,1.0,0.0,0.0,0.0,0.0,4.6,378.0,44.4,4.9,8.0,7.9,22.0,282.0,1.6,5.8,
2020-10-18,Breakfast,197.0,9.9,0.6,0.9,5.2,0.0,0.0,0.0,0.0,25.1,1.5,0.0,2.8,0.0,0.0,0.0,0.0,
2020-10-18,Lunch,497.2,10.0,3.2,0.0,0.0,0.0,15.4,810.0,0.0,86.4,12.1,14.2,22.2,23.8,7.0,0.0,0.0,
2020-10-19,Breakfast,278.4,13.0,4.8,1.9,3.7,0.0,372.0,142.0,138.0,24.1,2.8,1.3,16.6,160.0,0.0,56.0,1.8,
2020-10-20,Breakfast,210.0,1.8,1.0,0.1,0.0,0.0,0.0,1.0,487.0,53.5,5.8,31.3,4.9,6.0,105.0,5.0,3.0,
2020-10-20,Dinner,301.0,14.3,5.4,1.4,4.0,0.8,374.0,124.0,126.0,24.7,2.8,2.1,16.5,10.0,0.0,4.0,6.0,
2020-10-20,Lunch,690.0,9.0,3.5,0.0,0.0,0.0,75.0,1425.0,0.0,111.5,3.0,20.5,40.0,0.0,0.0,0.0,0.0,
2020-10-20,Snacks,105.0,5.0,1.5,0.0,0.0,0.0,0.0,95.0,95.0,16.5,6.5,0.5,10.0,0.0,0.0,10.0,3.0,
2020-10-22,Lunch,751.8,18.2,4.9,0.0,0.0,0.0,0.0,556.0,0.0,79.7,1.9,3.9,28.6,0.0,0.0,0.0,0.0,
2020-10-22,Snacks,68.0,0.2,0.1,0.0,0.0,0.0,0.0,2.0,192.0,18.1,1.2,15.5,0.7,0.5,31.8,1.3,3.6,
2020-10-26,Breakfast,307.4,13.6,4.9,1.4,4.0,0.8,374.0,125.1,220.5,28.4,3.5,3.9,16.5,15.5,70.5,4.4,7.4,
2020-10-26,Lunch,172.5,5.1,1.5,1.0,2.0,0.0,162.1,328.4,640.8,0.0,0.0,0.0,45.3,0.9,0.0,0.8,3.6,
2020-10-27,Breakfast,181.0,4.4,0.5,0.0,0.0,0.0,0.0,371.0,109.0,32.4,3.8,11.8,5.6,1.0,79.0,1.0,1.0,
2020-10-28,Breakfast,286.0,10.5,2.1,0.0,0.0,0.0,0.0,740.0,0.1,39.1,4.8,3.6,11.5,0.0,0.0,0.0,0.0,
2020-10-28,Dinner,400.0,1.5,0.3,0.0,0.0,0.0,0.0,0.0,0.0,87.5,3.5,1.5,11.0,0.0,0.0,0.0,0.0,
2020-10-28,Snacks,186.0,6.2,1.0,3.4,1.0,0.0,0.0,15.6,0.0,30.1,0.0,15.6,2.1,0.0,0.0,0.0,0.0,
2020-10-29,Breakfast,114.0,3.2,1.9,0.0,0.0,0.0,0.0,250.0,0.0,22.0,5.1,7.2,1.8,0.0,0.0,0.0,0.0,
2020-10-29,Dinner,746.0,0.0,0.0,0.0,0.0,0.0,0.0,0.0,0.0,0.0,0.0,0.0,0.0,0.0,0.0,0.0,0.0,
2020-10-29,Lunch,383.0,14.4,4.4,0.0,0.0,0.0,0.0,41.5,163.5,56.7,4.5,44.4,10.2,1.5,118.5,1.5,1.5,
2020-10-29,Snacks,200.0,0.0,0.0,0.0,0.0,0.0,0.0,0.0,0.0,0.0,0.0,0.0,0.0,0.0,0.0,0.0,0.0,
2020-10-30,Breakfast,476.2,25.6,5.1,2.1,9.0,0.4,187.0,807.0,417.0,45.6,9.8,4.7,18.6,7.0,12.0,2.5,5.0,
2020-10-31,Breakfast,87.0,3.0,1.8,0.0,0.0,0.0,0.0,250.0,0.0,16.4,5.1,7.2,1.2,0.0,0.0,0.0,0.0,
2020-10-31,Lunch,186.0,1.0,0.4,0.1,0.0,0.0,0.0,1.2,422.4,43.8,3.1,14.4,3.1,3.5,10.3,5.9,0.3,
2020-11-01,Breakfast,87.0,3.0,1.8,0.0,0.0,0.0,0.0,250.0,0.0,16.4,5.1,7.2,1.2,0.0,0.0,0.0,0.0,
2020-11-01,Lunch,81.0,0.6,0.3,0.0,0.0,0.0,0.0,0.0,0.0,16.8,0.0,0.0,1.8,0.0,0.0,0.0,0.0,
2020-11-03,Breakfast,215.4,2.3,0.3,0.0,0.0,0.0,0.0,0.0,0.0,42.2,0.0,0.0,5.3,0.0,0.0,0.0,0.0,
2020-11-03,Lunch,380.0,11.2,0.1,0.1,0.0,0.0,0.0,1.2,422.4,59.6,7.0,14.4,15.1,3.5,10.3,5.9,0.3,
2020-11-05,Breakfast,87.0,3.0,1.8,0.0,0.0,0.0,0.0,250.0,0.0,16.4,5.1,7.2,1.2,0.0,0.0,0.0,0.0,
2020-11-05,Dinner,440.2,14.5,4.0,0.0,0.0,0.0,85.0,115.0,1090.1,40.8,5.7,3.3,48.9,30.2,81.2,42.8,4.7,
2020-11-05,Lunch,203.0,11.1,5.4,0.0,0.0,0.0,0.0,222.0,0.0,21.6,1.9,1.4,5.0,0.0,0.0,0.0,0.0,
2020-11-05,Snacks,245.5,5.2,2.7,0.0,0.0,0.0,0.0,120.0,0.0,44.6,5.7,10.8,7.5,0.0,0.0,0.0,0.0,
2020-11-06,Breakfast,197.3,2.8,0.4,0.1,0.0,0.0,0.0,1.2,422.4,43.5,3.9,26.4,2.8,3.5,10.3,17.9,0.3,
2020-11-06,Dinner,610.0,3.8,1.8,0.0,0.0,0.0,0.0,0.0,0.0,26.0,0.0,14.4,10.0,0.0,0.0,0.0,0.0,
2020-11-06,Lunch,493.5,15.2,1.6,3.0,2.0,0.0,90.0,535.2,715.8,39.9,5.7,3.2,53.5,8.3,105.8,45.7,8.2,
2020-11-07,Breakfast,375.0,8.1,1.0,0.0,0.0,0.0,11.0,400.0,0.0,66.9,11.6,5.0,15.8,17.0,5.0,0.0,0.0,
2020-11-07,Dinner,898.8,39.4,14.6,0.0,0.0,0.0,0.0,304.0,0.0,71.8,0.0,0.0,65.4,0.0,0.0,42.0,0.0,
2020-11-08,Breakfast,199.2,5.1,0.4,0.0,0.0,0.0,4.4,160.0,0.0,36.9,8.6,2.0,6.8,6.8,2.0,0.0,0.0,
2020-11-08,Dinner,117.2,2.0,0.4,0.0,0.0,0.0,4.4,160.0,0.0,20.0,2.0,2.0,6.0,6.8,2.0,0.0,0.0,
2020-11-08,Lunch,866.1,25.6,5.3,3.7,11.6,0.0,153.0,379.5,1017.6,90.2,8.4,12.0,68.3,2.8,16.8,16.1,28.0,
2020-11-09,Breakfast,385.1,16.6,3.6,1.4,4.0,0.8,374.0,245.3,633.0,31.0,5.6,6.3,26.3,21.0,141.0,20.6,8.9,
2020-11-09,Dinner,823.3,26.1,12.4,0.0,0.0,0.0,28.4,233.9,306.9,131.2,12.4,22.3,18.2,8.4,10.0,7.9,30.9,
2020-11-09,Snacks,304.0,12.7,0.8,0.0,0.0,0.0,0.0,0.0,157.0,38.6,1.4,15.1,6.1,2.0,11.0,1.0,2.0,
2020-11-10,Breakfast,464.0,6.6,3.2,0.0,0.0,0.0,0.0,0.0,0.0,82.2,0.0,9.4,17.4,0.0,0.0,0.0,0.0,
2020-11-10,Dinner,202.0,3.1,0.0,0.0,0.0,0.0,0.0,0.0,0.0,39.3,6.6,0.0,7.8,0.0,0.0,0.0,0.0,
2020-11-10,Lunch,620.9,21.2,4.3,0.0,0.0,0.0,0.0,101.8,214.5,52.5,4.0,3.8,56.3,11.0,141.0,1.8,8.9,
2020-11-10,Snacks,157.0,6.8,4.6,0.0,0.0,0.0,0.0,104.0,0.0,21.5,1.1,16.6,3.1,0.0,0.0,0.0,0.0,
2020-11-11,Breakfast,502.1,22.4,6.9,1.4,4.0,0.8,374.0,238.0,126.0,42.5,3.8,2.5,31.2,10.0,0.0,19.8,6.0,
2020-11-11,Dinner,575.5,27.4,1.5,0.0,0.0,0.0,86.8,499.6,649.8,53.4,12.1,5.4,39.3,0.0,3.0,0.0,22.5,
2020-11-11,Snacks,363.1,17.5,5.5,0.0,0.0,0.0,0.0,215.0,0.0,43.2,9.5,13.3,13.7,0.0,0.0,0.0,0.0,
2020-11-12,Breakfast,597.9,27.9,8.3,2.8,11.0,0.8,374.0,129.0,480.0,65.2,10.6,3.6,22.6,12.0,12.0,4.5,8.0,
2020-11-12,Snacks,5.0,0.0,0.0,0.0,0.0,0.0,0.0,0.0,0.0,0.5,0.0,0.0,0.0,0.0,0.0,0.0,0.0,
2020-11-13,Breakfast,489.1,22.8,7.9,0.0,0.0,0.0,0.0,939.4,163.5,36.8,2.1,15.1,35.9,1.5,118.5,1.5,1.5,
2020-11-13,Dinner,900.0,0.0,0.0,0.0,0.0,0.0,0.0,0.0,0.0,0.0,0.0,0.0,0.0,0.0,0.0,0.0,0.0,
2020-11-13,Snacks,177.0,0.0,0.0,0.0,0.0,0.0,0.0,0.0,0.0,0.0,0.0,0.0,0.0,0.0,0.0,0.0,0.0,
2020-11-14,Breakfast,121.0,3.6,0.6,0.0,0.0,0.0,0.0,1.0,109.0,21.9,1.8,15.5,1.6,1.0,79.0,1.0,1.0,
2020-11-14,Dinner,554.8,21.5,10.1,0.0,0.0,0.0,0.0,600.0,0.0,64.3,2.4,0.7,27.0,0.0,0.0,0.0,0.0,
2020-11-14,Lunch,602.4,32.8,8.8,3.4,14.5,0.8,374.0,131.5,657.0,57.0,13.1,3.9,22.2,13.0,18.0,4.8,9.0,
2020-11-14,Snacks,334.8,9.9,11.2,0.0,0.0,0.0,0.0,0.0,0.0,50.4,0.0,41.4,6.5,0.0,0.0,0.0,0.0,
2020-11-15,Breakfast,135.0,1.0,0.5,0.0,0.0,0.0,0.0,0.0,0.0,28.0,0.0,0.0,3.0,0.0,0.0,0.0,0.0,
2020-11-15,Dinner,1230.0,5.4,0.3,0.0,0.0,0.0,0.0,0.0,0.0,62.0,4.1,4.1,10.5,0.0,0.0,0.0,0.0,
2020-11-16,Breakfast,437.2,22.4,6.4,9.0,3.0,0.0,0.0,8.9,507.0,49.8,4.3,10.3,12.0,11.0,141.0,0.8,2.9,
2020-11-16,Dinner,752.0,28.7,0.3,0.0,0.0,0.0,85.0,176.0,0.0,69.4,4.1,4.1,36.0,0.0,0.0,0.0,0.0,
2020-11-16,Lunch,288.0,22.0,13.1,0.0,0.0,0.0,0.0,120.0,0.0,20.1,0.9,4.9,2.9,0.0,0.0,0.0,0.0,
2020-11-16,Snacks,87.0,3.0,1.8,0.0,0.0,0.0,0.0,250.0,0.0,16.4,5.1,7.2,1.2,0.0,0.0,0.0,0.0,
2020-11-17,Breakfast,192.0,3.4,1.9,0.1,0.0,0.0,0.0,251.2,422.4,43.4,8.2,21.6,2.5,3.5,10.3,5.9,0.3,
2020-11-17,Dinner,961.1,31.2,14.0,1.0,1.0,0.0,85.0,1152.7,256.0,95.9,5.3,4.1,74.6,0.0,0.0,1.0,6.0,
2020-11-17,Snacks,288.0,22.0,13.1,0.0,0.0,0.0,0.0,120.0,0.0,20.1,0.9,4.9,2.9,0.0,0.0,0.0,0.0,
2020-11-18,Breakfast,192.0,3.4,1.9,0.1,0.0,0.0,0.0,251.2,422.4,43.4,8.2,21.6,2.5,3.5,10.3,5.9,0.3,
2020-11-18,Dinner,850.0,0.0,0.0,0.0,0.0,0.0,0.0,0.0,0.0,0.0,0.0,0.0,0.0,0.0,0.0,0.0,0.0,
2020-11-18,Lunch,402.0,11.4,5.4,1.0,1.0,0.0,85.0,74.6,256.0,33.2,1.1,2.7,38.1,0.0,0.0,1.0,6.0,
2020-11-18,Snacks,130.0,0.0,0.0,0.0,0.0,0.0,0.0,0.0,0.0,0.0,0.0,0.0,0.0,0.0,0.0,0.0,0.0,
2020-11-19,Breakfast,192.0,3.4,1.9,0.1,0.0,0.0,0.0,251.2,422.4,43.4,8.2,21.6,2.5,3.5,10.3,5.9,0.3,
2020-11-19,Dinner,685.0,31.2,6.6,1.9,2.6,0.0,100.0,2361.0,338.0,37.2,2.6,11.1,27.9,69.0,13.0,2.6,2.6,
2020-11-19,Lunch,300.0,0.0,0.0,0.0,0.0,0.0,0.0,0.0,0.0,0.0,0.0,0.0,0.0,0.0,0.0,0.0,0.0,
2020-11-19,Snacks,216.4,6.7,3.6,0.0,0.0,0.0,0.0,0.0,0.0,34.4,0.0,24.6,7.5,0.0,0.0,0.0,0.0,
2020-11-20,Breakfast,306.3,13.5,2.8,0.0,0.0,0.0,0.0,250.5,0.0,45.7,9.9,7.8,7.4,0.0,0.0,0.0,0.0,
2020-11-20,Dinner,1200.0,0.0,0.0,0.0,0.0,0.0,0.0,0.0,0.0,0.0,0.0,0.0,0.0,0.0,0.0,0.0,0.0,
2020-11-20,Snacks,100.0,0.0,0.0,0.0,0.0,0.0,0.0,0.0,0.0,0.0,0.0,0.0,0.0,0.0,0.0,0.0,0.0,
2020-11-21,Breakfast,168.0,5.4,2.9,0.0,0.0,0.0,0.0,460.0,0.0,35.2,11.9,12.7,1.7,0.0,0.0,0.0,0.0,
2020-11-21,Dinner,650.0,0.0,0.0,0.0,0.0,0.0,0.0,0.0,0.0,0.0,0.0,0.0,0.0,0.0,0.0,0.0,0.0,
2020-11-21,Lunch,470.0,0.0,0.0,0.0,0.0,0.0,0.0,0.0,0.0,0.0,0.0,0.0,0.0,0.0,0.0,0.0,0.0,
2020-11-22,Breakfast,82.0,3.1,1.8,0.0,0.0,0.0,0.0,300.0,0.0,16.9,6.6,5.5,0.8,0.0,0.0,0.0,0.0,
2020-11-22,Dinner,700.0,0.0,0.0,0.0,0.0,0.0,0.0,0.0,0.0,0.0,0.0,0.0,0.0,0.0,0.0,0.0,0.0,
2020-11-22,Lunch,500.0,0.0,0.0,0.0,0.0,0.0,0.0,0.0,0.0,0.0,0.0,0.0,0.0,0.0,0.0,0.0,0.0,
2020-11-23,Breakfast,191.0,2.7,1.2,0.1,0.0,0.0,0.0,161.2,422.4,45.3,8.4,21.6,2.2,3.5,10.3,5.9,0.3,
2020-11-23,Dinner,1310.0,7.8,4.9,0.0,0.0,0.0,42.0,360.0,0.0,31.4,0.0,24.0,3.0,0.0,0.0,0.0,0.0,
2020-11-23,Snacks,95.0,4.2,0.8,0.0,0.0,0.0,0.0,0.0,0.0,19.4,0.0,0.8,1.0,0.0,0.0,0.0,0.0,
2020-11-24,Breakfast,517.2,26.9,9.0,4.5,1.5,0.0,0.0,7.9,507.0,57.6,12.0,7.4,17.9,11.0,141.0,0.8,2.9,
2020-11-24,Dinner,546.0,16.0,0.0,0.0,0.0,0.0,0.0,845.0,0.0,0.0,0.0,0.0,27.0,0.0,0.0,0.0,0.0,
2020-11-24,Snacks,707.0,14.2,0.1,0.1,0.0,0.0,0.0,1.2,422.4,68.8,8.0,14.4,18.9,3.5,10.3,5.9,0.3,
2020-11-25,Breakfast,227.0,12.5,4.0,1.4,4.0,0.8,374.0,131.3,633.0,12.1,2.4,4.8,16.1,21.0,141.0,4.8,8.9,
2020-11-25,Dinner,504.8,12.8,6.3,1.5,1.5,0.0,127.5,111.0,384.0,28.8,0.9,5.0,54.5,0.0,0.0,1.5,9.0,
2020-11-25,Lunch,639.5,17.2,4.9,0.0,0.0,0.0,0.0,0.9,0.0,102.3,4.9,27.9,20.5,0.0,0.0,24.0,4.8,
2020-11-25,Snacks,216.0,6.7,3.6,0.0,0.0,0.0,0.0,0.1,0.0,34.0,0.0,15.0,4.6,0.0,0.0,0.0,0.0,
2020-11-26,Breakfast,480.2,23.8,10.0,1.5,2.8,0.0,184.5,865.2,237.9,50.4,3.0,3.2,14.3,7.2,0.0,2.9,24.8,
2020-11-26,Dinner,574.5,11.3,1.8,0.0,0.0,0.0,0.0,285.3,0.0,88.9,15.6,0.8,34.1,0.0,3.0,0.0,22.5,
2020-11-26,Snacks,346.1,7.8,3.3,0.0,0.0,0.0,0.0,226.5,0.0,17.8,0.1,11.1,13.1,0.0,0.0,0.3,0.3,
2020-11-27,Breakfast,324.1,5.9,0.8,0.1,0.0,0.0,0.0,1.2,422.4,56.2,5.9,15.6,15.7,3.5,10.3,5.9,0.3,
2020-11-27,Dinner,435.0,4.9,1.3,1.3,1.3,0.0,110.5,99.2,1057.3,30.0,4.0,2.5,44.4,1.0,43.5,4.8,16.3,
2020-11-27,Snacks,506.0,8.2,6.2,0.0,0.0,0.0,0.0,0.0,0.0,43.0,0.0,23.0,7.0,0.0,0.0,0.0,0.0,
2020-11-28,Breakfast,157.0,3.1,0.0,0.0,0.0,0.0,0.0,0.0,0.0,16.9,6.6,0.0,0.8,0.0,0.0,0.0,0.0,
2020-11-28,Dinner,840.0,0.0,0.0,0.0,0.0,0.0,0.0,0.0,0.0,0.0,0.0,0.0,0.0,0.0,0.0,0.0,0.0,
2020-11-28,Lunch,526.5,13.9,2.9,3.5,2.5,0.0,132.5,251.3,702.0,53.4,4.7,1.3,55.3,0.0,0.0,1.5,9.0,
2020-11-28,Snacks,150.0,0.0,0.0,0.0,0.0,0.0,0.0,0.0,0.0,0.0,0.0,0.0,0.0,0.0,0.0,0.0,0.0,
2020-11-29,Dinner,256.8,11.1,0.2,0.0,0.0,0.0,0.0,0.0,0.0,28.0,7.1,0.7,0.0,0.0,0.0,0.0,0.0,
2020-11-29,Lunch,556.4,18.5,3.0,5.1,9.2,0.0,193.0,377.9,586.0,40.2,2.0,1.7,53.2,45.8,4.4,7.4,21.0,
2020-11-30,Breakfast,105.0,0.4,0.1,0.1,0.0,0.0,0.0,1.2,422.4,27.0,3.1,14.4,1.3,3.5,10.3,5.9,0.3,
2020-11-30,Dinner,917.7,27.9,9.5,8.7,11.4,0.0,245.6,367.3,979.9,52.3,4.8,1.5,86.4,30.5,2.9,5.5,17.6,
2020-11-30,Lunch,363.8,12.9,4.7,1.4,4.0,0.8,374.0,124.3,126.0,37.1,2.1,3.9,22.5,10.0,0.0,4.0,6.0,
2020-11-30,Snacks,88.4,4.3,1.8,0.0,0.0,0.0,0.0,0.0,0.0,7.2,0.0,0.0,5.0,0.0,0.0,0.0,0.0,
2020-12-01,Breakfast,242.5,5.8,0.1,0.1,0.0,0.0,0.0,1.2,422.4,43.3,5.0,14.4,8.2,3.5,10.3,5.9,0.3,
2020-12-01,Dinner,854.5,37.1,12.2,0.0,0.0,0.0,80.0,1420.0,0.0,66.7,4.0,22.6,39.8,0.0,0.0,0.0,0.0,
2020-12-01,Lunch,424.0,6.2,3.0,0.0,0.0,0.0,0.0,0.0,0.0,72.4,0.0,0.0,16.0,0.0,0.0,0.0,0.0,
2020-12-02,Breakfast,599.6,23.2,7.8,1.5,4.0,0.8,374.0,377.2,548.4,68.5,5.9,19.2,30.6,13.5,10.3,9.9,6.3,
2020-12-02,Dinner,549.0,4.2,2.6,0.0,0.0,0.0,0.0,0.0,0.0,14.1,0.2,7.9,1.1,0.0,0.0,0.0,0.0,
2020-12-02,Lunch,82.0,3.1,0.0,0.0,0.0,0.0,0.0,0.0,0.0,16.9,6.6,0.0,0.8,0.0,0.0,0.0,0.0,
2020-12-02,Snacks,344.5,12.5,5.4,0.0,0.0,0.0,0.0,52.7,202.4,49.9,1.8,21.7,8.2,3.9,0.0,19.5,4.8,
2020-12-03,Breakfast,82.0,3.1,0.0,0.0,0.0,0.0,0.0,0.0,0.0,16.9,6.6,0.0,0.8,0.0,0.0,0.0,0.0,
2020-12-03,Dinner,472.0,15.3,4.1,0.0,0.0,0.0,0.0,10.0,0.0,36.3,1.6,6.9,46.5,0.0,0.0,0.0,0.0,
2020-12-03,Lunch,294.7,14.2,5.5,1.4,4.0,0.8,374.0,124.0,126.0,21.2,1.4,2.9,18.3,10.0,0.0,4.0,6.0,
2020-12-03,Snacks,129.0,2.0,1.4,0.0,0.0,0.0,0.0,0.0,223.0,2.1,0.0,0.0,25.0,0.0,0.0,0.0,0.0,
2020-12-04,Breakfast,574.7,22.1,9.5,1.4,4.0,0.8,374.0,584.0,126.0,74.7,14.8,15.9,24.5,10.0,0.0,4.0,6.0,
2020-12-04,Dinner,593.0,12.6,5.0,1.8,1.8,0.0,153.0,133.2,460.8,52.0,1.7,9.1,65.0,0.0,0.0,1.8,10.8,
2020-12-05,Breakfast,514.0,9.6,4.8,0.0,0.0,0.0,0.0,230.0,0.0,89.4,6.0,5.7,17.1,0.0,0.0,0.0,0.0,
2020-12-05,Dinner,900.0,0.0,0.0,0.0,0.0,0.0,0.0,0.0,0.0,0.0,0.0,0.0,0.0,0.0,0.0,0.0,0.0,
2020-12-06,Breakfast,1957.9,20.5,7.5,0.7,2.0,0.4,187.0,774.0,63.0,54.9,13.4,14.0,19.3,5.0,0.0,2.0,3.0,
2020-12-07,Breakfast,720.0,28.0,14.0,0.0,0.0,0.0,60.0,1840.0,0.0,80.0,8.0,4.0,34.0,8.0,0.0,50.0,30.0,
2020-12-07,Dinner,800.0,0.0,0.0,0.0,0.0,0.0,0.0,0.0,0.0,0.0,0.0,0.0,0.0,0.0,0.0,0.0,0.0,
2020-12-08,Breakfast,408.9,2.8,1.5,0.0,0.0,0.0,0.0,0.0,0.0,23.9,0.8,4.2,4.2,0.0,0.0,0.0,0.0,
2020-12-08,Dinner,1800.0,0.0,0.0,0.0,0.0,0.0,0.0,0.0,0.0,0.0,0.0,0.0,0.0,0.0,0.0,0.0,0.0,
2020-12-08,Lunch,350.0,0.0,0.0,0.0,0.0,0.0,0.0,0.0,0.0,0.0,0.0,0.0,0.0,0.0,0.0,0.0,0.0,
2020-12-09,Breakfast,424.0,6.2,3.0,0.0,0.0,0.0,0.0,0.0,0.0,72.4,0.0,0.0,16.0,0.0,0.0,0.0,0.0,
2020-12-09,Dinner,951.4,16.6,3.5,0.0,0.0,0.0,0.0,1.8,0.0,97.6,0.0,1.6,34.2,0.0,0.0,0.0,0.0,
2020-12-10,Breakfast,459.0,23.4,7.2,1.4,4.0,0.8,374.0,460.0,126.0,34.3,1.7,9.6,25.3,10.0,0.0,4.0,6.0,
2020-12-10,Dinner,480.0,10.0,1.0,0.0,0.0,0.0,0.0,100.0,0.0,38.0,10.0,0.0,8.0,0.0,0.0,0.0,0.0,
2020-12-10,Lunch,390.0,7.0,5.0,0.0,0.0,0.0,0.0,0.0,0.0,71.0,0.0,63.0,9.0,0.0,0.0,0.0,0.0,
2020-12-11,Breakfast,511.0,9.2,4.8,0.0,0.0,0.0,0.0,250.0,0.0,88.8,5.1,7.2,17.2,0.0,0.0,0.0,0.0,
2020-12-11,Dinner,1400.0,0.0,0.0,0.0,0.0,0.0,0.0,0.0,0.0,0.0,0.0,0.0,0.0,0.0,0.0,0.0,0.0,
2020-12-11,Lunch,134.0,6.0,0.0,0.0,0.0,0.0,0.0,0.0,0.0,19.5,0.0,0.0,1.5,0.0,0.0,0.0,0.0,
2020-12-12,Breakfast,240.6,7.0,1.9,0.0,0.0,0.0,0.0,0.0,223.0,16.1,0.0,0.0,27.7,0.0,0.0,68.4,0.0,
2020-12-12,Dinner,598.6,9.2,2.0,2.0,2.0,0.0,170.0,170.3,1973.0,54.4,5.4,3.6,79.5,11.0,141.0,2.8,14.9,
2020-12-12,Lunch,318.0,14.3,2.6,0.0,0.0,0.0,0.0,0.5,0.0,43.6,0.0,13.2,5.5,0.0,0.0,0.0,0.0,
2020-12-12,Snacks,146.0,9.3,4.0,0.0,0.0,0.0,0.0,0.1,0.0,13.2,0.6,7.8,2.6,0.0,0.0,0.0,0.0,
2020-12-13,Breakfast,105.0,0.4,0.1,0.1,0.0,0.0,0.0,1.2,422.4,27.0,3.1,14.4,1.3,3.5,10.3,5.9,0.3,
2020-12-13,Dinner,1000.0,0.0,0.0,0.0,0.0,0.0,0.0,0.0,0.0,0.0,0.0,0.0,0.0,0.0,0.0,0.0,0.0,
2020-12-13,Lunch,560.7,12.2,4.6,1.8,1.8,0.0,153.0,140.5,967.8,45.3,2.4,3.7,67.4,11.0,141.0,2.6,13.7,
2020-12-14,Breakfast,755.0,0.4,0.1,0.1,0.0,0.0,0.0,1.2,422.4,27.0,3.1,14.4,1.3,3.5,10.3,5.9,0.3,
2020-12-14,Dinner,600.0,0.0,0.0,0.0,0.0,0.0,0.0,0.0,0.0,0.0,0.0,0.0,0.0,0.0,0.0,0.0,0.0,
2020-12-14,Snacks,93.0,3.0,1.8,0.0,0.0,0.0,0.0,0.0,0.0,13.6,0.0,12.7,3.0,0.0,0.0,0.0,0.0,
2020-12-15,Breakfast,869.4,7.2,2.0,0.1,0.0,0.0,0.0,1.2,645.4,42.4,3.1,14.4,28.9,3.5,10.3,70.5,0.3,
2020-12-15,Dinner,550.0,0.0,0.0,0.0,0.0,0.0,0.0,0.0,0.0,0.0,0.0,0.0,0.0,0.0,0.0,0.0,0.0,
2020-12-15,Snacks,200.0,0.0,0.0,0.0,0.0,0.0,0.0,0.0,0.0,0.0,0.0,0.0,0.0,0.0,0.0,0.0,0.0,
2020-12-16,Breakfast,543.2,18.0,0.9,0.1,0.0,0.0,0.0,1.2,422.4,87.1,7.9,15.2,19.5,3.5,10.3,5.9,0.3,
2020-12-16,Dinner,1100.0,0.0,0.0,0.0,0.0,0.0,0.0,0.0,0.0,0.0,0.0,0.0,0.0,0.0,0.0,0.0,0.0,
2020-12-17,Breakfast,155.0,0.5,0.1,0.1,0.0,0.0,0.0,2.2,531.4,40.0,4.5,24.4,1.8,4.5,89.3,6.9,1.3,
2020-12-17,Dinner,700.0,0.0,0.0,0.0,0.0,0.0,0.0,0.0,0.0,0.0,0.0,0.0,0.0,0.0,0.0,0.0,0.0,
2020-12-17,Lunch,400.0,0.0,0.0,0.0,0.0,0.0,0.0,0.0,0.0,0.0,0.0,0.0,0.0,0.0,0.0,0.0,0.0,
2020-12-17,Snacks,300.0,0.0,0.0,0.0,0.0,0.0,0.0,0.0,0.0,0.0,0.0,0.0,0.0,0.0,0.0,0.0,0.0,
2020-12-18,Breakfast,120.0,0.0,0.0,0.0,0.0,0.0,0.0,0.0,0.0,0.0,0.0,0.0,0.0,0.0,0.0,0.0,0.0,
2020-12-18,Lunch,500.0,0.0,0.0,0.0,0.0,0.0,0.0,0.0,0.0,0.0,0.0,0.0,0.0,0.0,0.0,0.0,0.0,
2020-12-19,Breakfast,415.0,0.4,0.1,0.1,0.0,0.0,0.0,1.2,422.4,27.0,3.1,14.4,1.3,3.5,10.3,5.9,0.3,
2020-12-19,Lunch,410.0,0.0,0.0,0.0,0.0,0.0,0.0,0.0,0.0,0.0,0.0,0.0,0.0,0.0,0.0,0.0,0.0,
2020-12-20,Breakfast,369.0,10.9,5.0,0.7,2.0,0.4,187.0,62.4,63.0,20.9,1.4,2.2,16.4,5.0,0.0,2.0,3.0,
2020-12-20,Dinner,1000.0,0.0,0.0,0.0,0.0,0.0,0.0,0.0,0.0,0.0,0.0,0.0,0.0,0.0,0.0,0.0,0.0,
2020-12-20,Lunch,180.0,0.0,0.0,0.0,0.0,0.0,0.0,0.0,0.0,0.0,0.0,0.0,0.0,0.0,0.0,0.0,0.0,
2020-12-21,Breakfast,369.0,10.9,5.0,0.7,2.0,0.4,187.0,62.4,63.0,20.9,1.4,2.2,16.4,5.0,0.0,2.0,3.0,
2020-12-21,Dinner,850.0,0.0,0.0,0.0,0.0,0.0,0.0,0.0,0.0,0.0,0.0,0.0,0.0,0.0,0.0,0.0,0.0,
2020-12-21,Lunch,550.0,0.0,0.0,0.0,0.0,0.0,0.0,0.0,0.0,0.0,0.0,0.0,0.0,0.0,0.0,0.0,0.0,
2020-12-22,Breakfast,409.0,10.9,5.0,0.7,2.0,0.4,187.0,62.4,63.0,20.9,1.4,2.2,16.4,5.0,0.0,2.0,3.0,
2020-12-22,Dinner,848.0,22.4,11.0,1.6,1.6,0.0,136.0,1439.2,409.6,55.6,3.2,8.2,72.4,0.0,0.0,1.6,9.6,
2020-12-22,Snacks,182.0,3.1,0.0,0.0,0.0,0.0,0.0,0.0,0.0,16.9,6.6,0.0,0.8,0.0,0.0,0.0,0.0,
2020-12-23,Breakfast,409.0,10.9,5.0,0.7,2.0,0.4,187.0,62.4,63.0,20.9,1.4,2.2,16.4,5.0,0.0,2.0,3.0,
2020-12-23,Dinner,1100.0,0.0,0.0,0.0,0.0,0.0,0.0,0.0,0.0,0.0,0.0,0.0,0.0,0.0,0.0,0.0,0.0,
2020-12-23,Snacks,225.0,15.9,5.4,0.0,0.0,0.0,0.0,0.0,0.0,16.8,0.0,15.0,3.0,0.0,0.0,0.0,0.0,
2020-12-24,Breakfast,600.0,0.0,0.0,0.0,0.0,0.0,0.0,0.0,0.0,0.0,0.0,0.0,0.0,0.0,0.0,0.0,0.0,
2020-12-24,Dinner,850.0,0.0,0.0,0.0,0.0,0.0,0.0,0.0,0.0,0.0,0.0,0.0,0.0,0.0,0.0,0.0,0.0,
2020-12-24,Snacks,170.0,8.0,1.8,0.0,0.0,0.0,0.0,0.0,0.0,20.6,0.0,5.0,4.4,0.0,0.0,0.0,0.0,
2020-12-25,Breakfast,82.0,3.1,0.0,0.0,0.0,0.0,0.0,0.0,0.0,16.9,6.6,0.0,0.8,0.0,0.0,0.0,0.0,
2020-12-26,Breakfast,300.0,0.0,0.0,0.0,0.0,0.0,0.0,0.0,0.0,0.0,0.0,0.0,0.0,0.0,0.0,0.0,0.0,
2020-12-27,Breakfast,442.0,5.3,0.4,0.0,0.0,0.0,0.0,512.0,0.0,92.1,11.0,15.0,12.8,0.0,0.0,0.0,0.0,
2020-12-27,Dinner,610.5,17.9,3.1,7.5,3.1,0.0,6.3,297.0,131.3,68.3,0.1,5.1,40.6,0.0,0.0,0.0,0.0,
2020-12-28,Breakfast,310.0,0.0,0.0,0.0,0.0,0.0,0.0,0.0,0.0,0.0,0.0,0.0,0.0,0.0,0.0,0.0,0.0,
2020-12-28,Dinner,800.0,0.0,0.0,0.0,0.0,0.0,0.0,0.0,0.0,0.0,0.0,0.0,0.0,0.0,0.0,0.0,0.0,
2020-12-28,Lunch,300.0,0.0,0.0,0.0,0.0,0.0,0.0,0.0,0.0,0.0,0.0,0.0,0.0,0.0,0.0,0.0,0.0,
2020-12-29,Breakfast,164.0,6.2,0.0,0.0,0.0,0.0,0.0,0.0,0.0,33.8,13.2,0.0,1.6,0.0,0.0,0.0,0.0,
2020-12-31,Breakfast,600.0,0.0,0.0,0.0,0.0,0.0,0.0,0.0,0.0,0.0,0.0,0.0,0.0,0.0,0.0,0.0,0.0,
2020-12-31,Lunch,500.0,0.0,0.0,0.0,0.0,0.0,0.0,0.0,0.0,0.0,0.0,0.0,0.0,0.0,0.0,0.0,0.0,
2021-01-01,Breakfast,164.0,6.2,0.0,0.0,0.0,0.0,0.0,0.0,0.0,33.8,13.2,0.0,1.6,0.0,0.0,0.0,0.0,
2021-01-01,Dinner,1300.0,0.0,0.0,0.0,0.0,0.0,0.0,0.0,0.0,0.0,0.0,0.0,0.0,0.0,0.0,0.0,0.0,
2021-01-02,Breakfast,495.0,7.8,0.9,0.7,0.5,0.0,0.0,520.0,180.0,45.0,3.4,1.9,25.6,0.0,0.0,0.0,0.0,
2021-01-03,Breakfast,330.0,0.0,0.0,0.0,0.0,0.0,0.0,0.0,0.0,0.0,0.0,0.0,0.0,0.0,0.0,0.0,0.0,
2021-01-04,Breakfast,300.0,0.0,0.0,0.0,0.0,0.0,0.0,0.0,0.0,0.0,0.0,0.0,0.0,0.0,0.0,0.0,0.0,
2021-01-04,Lunch,150.0,0.0,0.0,0.0,0.0,0.0,0.0,0.0,0.0,0.0,0.0,0.0,0.0,0.0,0.0,0.0,0.0,
2021-01-05,Breakfast,459.3,13.6,6.4,1.1,1.1,0.0,93.5,524.5,281.6,34.5,1.1,2.7,45.8,0.0,0.0,1.1,6.6,
2021-01-06,Breakfast,276.9,2.2,0.6,0.7,0.5,0.0,0.0,520.0,180.0,31.8,2.0,2.2,20.4,0.0,0.0,0.0,0.0,
2021-01-08,Breakfast,720.0,35.0,6.0,0.0,0.0,0.0,40.0,590.6,0.0,81.0,2.0,5.0,18.0,2.0,0.0,15.0,10.0,
2021-01-08,Lunch,160.0,0.0,0.0,0.0,0.0,0.0,0.0,0.0,0.0,0.0,0.0,0.0,0.0,0.0,0.0,0.0,0.0,
2021-01-09,Breakfast,380.0,0.0,0.0,0.0,0.0,0.0,0.0,0.0,0.0,0.0,0.0,0.0,0.0,0.0,0.0,0.0,0.0,
2021-01-11,Breakfast,500.0,0.0,0.0,0.0,0.0,0.0,0.0,0.0,0.0,0.0,0.0,0.0,0.0,0.0,0.0,0.0,0.0,
2021-01-11,Lunch,400.0,0.0,0.0,0.0,0.0,0.0,0.0,0.0,0.0,0.0,0.0,0.0,0.0,0.0,0.0,0.0,0.0,
2021-01-12,Lunch,1000.0,0.0,0.0,0.0,0.0,0.0,0.0,0.0,0.0,0.0,0.0,0.0,0.0,0.0,0.0,0.0,0.0,
2021-01-13,Breakfast,350.0,0.0,0.0,0.0,0.0,0.0,0.0,0.0,0.0,0.0,0.0,0.0,0.0,0.0,0.0,0.0,0.0,
2021-01-14,Breakfast,400.0,0.0,0.0,0.0,0.0,0.0,0.0,0.0,0.0,0.0,0.0,0.0,0.0,0.0,0.0,0.0,0.0,
2021-01-15,Dinner,1200.0,0.0,0.0,0.0,0.0,0.0,0.0,0.0,0.0,0.0,0.0,0.0,0.0,0.0,0.0,0.0,0.0,
2021-01-25,Breakfast,750.0,0.0,0.0,0.0,0.0,0.0,0.0,0.0,0.0,0.0,0.0,0.0,0.0,0.0,0.0,0.0,0.0,
2021-02-03,Breakfast,523.0,7.0,0.9,0.0,0.0,0.0,0.0,82.4,0.0,75.1,0.0,4.8,38.1,0.0,0.0,0.0,0.0,
2021-02-04,Breakfast,623.0,7.0,0.9,0.0,0.0,0.0,0.0,82.4,0.0,75.1,0.0,4.8,38.1,0.0,0.0,0.0,0.0,
2021-02-14,Breakfast,119.0,9.4,5.7,0.0,0.0,0.0,0.0,0.0,0.0,1.4,0.0,0.0,7.1,0.0,0.0,0.0,0.0,
2021-02-20,Breakfast,105.0,0.4,0.1,0.1,0.0,0.0,0.0,1.2,422.4,27.0,3.1,14.4,1.3,3.5,10.3,5.9,0.3,
2021-02-20,Lunch,572.5,18.5,6.9,0.0,0.0,0.0,0.0,56.7,0.0,66.1,3.9,4.6,36.7,0.0,0.0,0.0,0.0,
2021-02-20,Snacks,343.0,3.0,1.8,0.0,0.0,0.0,0.0,0.0,0.0,13.6,0.0,12.7,3.0,0.0,0.0,0.0,0.0,
2021-02-21,Breakfast,105.0,0.4,0.1,0.1,0.0,0.0,0.0,1.2,422.4,27.0,3.1,14.4,1.3,3.5,10.3,5.9,0.3,
2021-02-21,Lunch,424.0,6.2,3.0,0.0,0.0,0.0,0.0,0.0,0.0,72.4,0.0,0.0,16.0,0.0,0.0,0.0,0.0,
2021-02-22,Breakfast,286.5,6.2,3.6,0.0,0.0,0.0,0.0,60.0,233.5,47.8,0.0,14.3,8.7,4.5,0.0,22.5,0.0,
2021-02-22,Lunch,290.0,4.9,2.6,0.0,0.0,0.0,0.0,0.0,0.0,22.5,1.5,0.0,1.7,0.0,0.0,0.0,0.0,
2021-02-27,Breakfast,180.5,7.9,4.1,0.0,0.0,0.0,0.0,119.3,0.0,26.9,1.1,15.3,1.9,0.1,0.0,0.7,10.6,
2021-03-01,Breakfast,640.3,11.6,3.6,0.1,0.0,0.0,0.0,444.0,422.4,50.8,3.1,14.4,14.2,3.5,10.3,5.9,0.3,
2021-03-01,Lunch,300.0,0.0,0.0,0.0,0.0,0.0,0.0,0.0,0.0,0.0,0.0,0.0,0.0,0.0,0.0,0.0,0.0,
2021-03-02,Breakfast,347.4,12.2,4.2,1.6,0.8,0.0,4.0,550.8,0.0,25.6,1.7,1.6,14.6,0.0,0.0,0.0,0.0,
2021-03-02,Lunch,284.0,7.4,1.0,0.0,0.0,0.0,0.0,120.0,0.0,34.5,3.5,11.0,2.6,0.0,0.0,0.0,15.0,
2021-03-03,Breakfast,420.0,0.0,0.0,0.0,0.0,0.0,0.0,0.0,0.0,0.0,0.0,0.0,0.0,0.0,0.0,0.0,0.0,
2021-03-04,Breakfast,531.6,9.2,3.0,0.0,0.0,0.0,0.0,0.3,0.0,76.3,0.3,0.0,19.6,0.0,0.0,0.0,0.0,
2021-03-05,Breakfast,255.0,3.1,0.4,0.0,0.0,0.0,0.0,0.2,0.0,53.0,2.1,12.1,4.0,0.0,0.0,22.5,0.0,
2021-03-05,Lunch,632.6,26.1,6.8,0.0,0.0,0.0,0.0,978.0,0.0,59.2,4.3,5.3,17.2,0.0,0.0,0.0,0.0,
2021-03-06,Breakfast,457.0,3.8,1.1,0.7,0.5,0.0,0.0,520.0,180.0,33.7,0.6,0.4,21.5,0.0,0.0,0.0,0.0,
2021-03-06,Dinner,600.0,0.0,0.0,0.0,0.0,0.0,0.0,0.0,0.0,0.0,0.0,0.0,0.0,0.0,0.0,0.0,0.0,
2021-03-06,Lunch,78.0,0.3,0.0,0.0,0.0,0.0,0.0,0.0,0.0,18.0,0.9,0.0,1.5,0.0,0.0,0.0,0.0,
2021-03-06,Snacks,381.0,12.9,7.7,0.0,0.0,0.0,0.0,0.4,0.0,35.9,1.8,10.1,11.7,0.0,0.0,0.0,0.0,
2021-03-07,Breakfast,374.0,2.5,0.7,0.7,0.5,0.0,0.0,1160.0,180.0,42.4,2.4,2.4,23.3,0.0,0.0,0.0,0.0,
2021-03-07,Snacks,513.0,0.0,0.0,0.0,0.0,0.0,0.0,0.0,0.0,0.0,0.0,0.0,0.0,0.0,0.0,0.0,0.0,
2021-03-08,Breakfast,388.2,8.5,1.4,0.7,0.5,0.0,0.0,639.3,687.0,51.2,5.8,6.1,26.0,11.0,141.0,0.8,2.9,
2021-03-08,Dinner,861.2,18.1,6.8,7.8,7.8,0.0,110.1,707.8,725.9,80.3,4.8,2.3,54.1,0.0,0.0,0.0,0.0,
2021-03-08,Snacks,372.0,0.2,0.0,0.0,0.0,0.0,0.0,0.0,0.0,12.0,0.6,0.0,1.0,0.0,0.0,0.0,0.0,
2021-03-09,Breakfast,402.2,3.8,0.5,0.1,0.0,0.0,0.0,1.4,422.4,88.9,5.3,28.3,6.2,3.5,10.3,29.9,0.3,
2021-03-09,Snacks,388.0,7.8,4.2,0.0,0.0,0.0,0.0,20.0,0.0,38.3,0.4,10.6,5.7,0.0,0.0,0.0,0.0,
2021-03-10,Breakfast,397.3,17.8,6.5,1.4,4.0,0.8,374.0,124.5,126.0,35.2,3.4,8.6,21.3,10.0,0.0,26.5,6.0,
2021-03-10,Snacks,351.0,14.1,5.2,0.0,0.0,0.0,0.0,20.0,0.0,45.7,0.4,29.8,9.5,0.0,0.0,0.0,0.0,
2021-03-11,Breakfast,351.2,3.1,0.4,0.1,0.0,0.0,0.0,1.3,422.4,78.4,4.9,25.9,5.3,3.5,10.3,25.4,0.3,
2021-03-11,Dinner,611.5,21.0,8.0,1.2,1.2,0.0,102.0,89.5,307.2,45.2,2.5,5.9,56.3,0.0,0.0,1.2,7.2,
2021-03-11,Lunch,298.0,9.1,4.4,0.0,0.0,0.0,0.0,0.4,0.0,32.3,2.0,1.6,23.4,0.0,0.0,0.0,0.0,
2021-03-11,Snacks,80.0,0.0,0.0,0.0,0.0,0.0,0.0,0.0,195.0,22.0,4.9,16.0,0.0,2.0,20.0,2.0,2.0,
2021-03-12,Breakfast,445.0,9.3,1.0,0.0,0.0,0.0,0.0,48.8,0.0,64.7,3.9,5.5,27.2,0.0,0.0,0.0,0.0,
2021-03-12,Dinner,290.0,10.4,4.9,0.0,0.0,0.0,0.0,0.0,0.0,38.4,2.1,5.4,11.7,0.0,0.0,0.0,0.0,
2021-03-12,Lunch,507.4,17.4,4.4,0.9,0.9,0.0,76.5,66.9,230.4,44.5,1.9,3.1,40.3,0.0,0.0,0.9,5.4,
2021-03-16,Breakfast,393.0,15.7,5.5,0.0,0.0,0.0,0.0,80.0,311.4,53.4,2.4,26.0,10.8,6.0,0.0,30.0,3.6,
2021-03-16,Snacks,123.0,6.2,0.6,0.0,0.0,0.0,0.0,0.0,0.0,14.7,0.0,1.0,1.7,0.0,0.0,0.0,0.0,
2021-03-17,Breakfast,569.0,13.2,3.6,0.0,0.0,0.0,0.0,0.0,0.0,91.9,0.5,9.5,17.5,0.0,0.0,0.0,0.0,
2021-03-18,Breakfast,466.2,10.4,3.8,0.8,0.8,0.0,68.0,59.6,204.8,22.3,1.3,2.9,32.8,0.0,0.0,0.8,4.8,
2021-03-19,Breakfast,365.6,11.9,4.0,1.0,1.0,0.0,85.0,74.4,256.0,22.6,1.3,3.0,39.1,0.0,0.0,1.0,6.0,
2021-03-24,Breakfast,170.0,1.2,0.2,0.0,0.0,0.0,0.0,272.0,0.0,30.6,4.2,2.2,7.0,0.0,0.0,0.0,0.0,
2021-03-26,Breakfast,283.0,6.8,3.3,0.7,0.5,0.0,0.0,520.3,180.0,29.8,1.9,2.9,24.6,0.0,0.0,0.0,0.0,
2021-06-08,Breakfast,475.0,13.2,0.0,0.0,0.0,0.0,0.0,0.0,0.0,48.0,4.0,0.0,20.0,0.0,0.0,0.0,0.0,
2021-06-08,Dinner,572.0,14.8,0.1,0.0,0.0,0.0,0.0,0.7,0.0,15.4,0.5,0.0,65.0,0.0,0.0,0.0,0.0,
2021-06-08,Snacks,200.0,6.0,6.1,0.0,0.0,0.0,15.0,200.0,0.0,33.0,1.0,19.0,3.0,0.0,0.0,6.0,4.0,
2021-06-10,Breakfast,622.0,20.1,6.0,0.8,4.4,0.0,445.5,133.2,218.3,32.6,3.0,26.8,32.2,15.2,4.5,9.4,8.2,
2021-06-10,Dinner,640.0,26.0,0.0,0.0,0.0,0.0,0.0,0.0,0.0,81.0,0.0,0.0,30.0,0.0,0.0,0.0,0.0,
2021-06-26,Breakfast,358.6,9.9,5.6,0.1,0.0,0.0,0.0,81.3,733.8,60.7,4.6,32.4,10.3,9.5,10.3,35.9,17.1,
2021-07-05,Breakfast,417.6,6.1,2.9,0.0,0.0,0.0,0.0,0.0,0.0,73.4,0.0,0.0,15.8,0.0,0.0,0.0,0.0,
2021-07-05,Dinner,601.9,20.6,7.1,1.7,1.7,0.0,144.5,126.6,435.2,35.9,1.2,0.2,63.1,0.0,0.0,1.7,10.2,
2021-07-05,Snacks,194.0,9.1,1.8,0.7,3.9,0.0,0.0,0.1,0.0,26.4,2.2,7.6,2.7,0.0,0.0,0.0,0.0,
2021-07-06,Breakfast,443.6,10.7,3.0,1.5,1.5,0.0,342.5,176.0,384.0,28.4,0.0,0.0,55.1,6.0,0.0,3.5,13.0,
2021-07-06,Dinner,628.1,21.3,7.8,1.5,1.5,0.0,127.5,113.0,384.0,58.3,1.2,22.5,58.3,0.0,0.0,1.5,9.0,
2021-07-06,Snacks,105.0,0.4,0.1,0.1,0.0,0.0,0.0,1.2,422.4,27.0,3.1,14.4,1.3,3.5,10.3,5.9,0.3,
2021-07-07,Breakfast,470.0,24.4,10.2,0.0,0.0,0.0,215.0,1865.0,0.0,50.6,1.8,5.0,13.7,6.0,0.0,2.0,4.0,
2021-07-08,Breakfast,428.0,6.2,3.5,0.0,0.0,0.0,0.0,0.4,0.0,42.2,2.2,5.1,14.9,0.0,0.0,0.0,0.0,
2021-07-09,Breakfast,222.5,6.7,4.1,0.0,0.0,0.0,0.0,68.0,264.7,33.1,2.1,13.7,8.4,5.1,0.0,25.5,24.0,
2021-07-22,Breakfast,433.3,12.1,4.5,0.0,0.0,0.0,0.0,168.4,0.0,50.6,3.0,8.4,32.3,0.0,0.0,0.0,0.0,
2021-07-22,Snacks,70.0,0.0,0.0,0.0,0.0,0.0,0.0,0.0,0.0,0.0,0.0,0.0,0.0,0.0,0.0,0.0,0.0,
2021-07-23,Breakfast,433.3,12.1,4.5,0.0,0.0,0.0,0.0,168.4,0.0,50.6,3.0,8.4,32.3,0.0,0.0,0.0,0.0,
2021-07-24,Breakfast,491.0,17.1,6.9,0.0,0.0,0.0,215.0,65.7,0.0,58.0,4.7,6.6,29.2,6.0,0.0,2.0,4.0,
2021-08-25,Breakfast,161.4,3.2,0.3,0.0,0.0,0.0,0.0,0.0,0.0,27.1,0.0,1.8,4.8,0.0,0.0,0.0,0.0,
2021-08-25,Lunch,362.0,8.5,0.8,0.0,0.0,0.0,0.0,0.9,0.0,40.0,0.0,3.9,28.4,0.0,0.0,0.0,0.0,
2021-08-25,Snacks,19.0,0.3,0.0,0.0,0.0,0.0,0.0,0.0,0.0,14.5,2.4,10.0,0.7,0.0,0.0,0.0,0.0,
2021-12-02,Breakfast,487.0,20.7,3.6,2.0,11.0,0.0,0.0,255.9,545.6,57.9,11.2,8.1,23.2,7.9,11.3,13.5,0.6,
2021-12-02,Lunch,417.6,6.1,2.9,0.0,0.0,0.0,0.0,0.0,0.0,73.4,0.0,0.0,15.8,0.0,0.0,0.0,0.0,
2022-01-04,Breakfast,362.0,15.5,2.6,2.7,8.8,0.0,0.0,6.7,786.2,51.6,10.8,16.4,8.4,8.8,17.8,14.9,0.7,
2022-01-10,Breakfast,434.0,23.2,3.3,3.9,12.0,0.0,0.0,0.4,450.0,45.4,11.4,3.0,14.2,0.0,12.0,0.0,6.0,
2022-01-10,Dinner,879.2,57.4,24.0,4.2,21.8,0.0,166.0,135.1,504.0,44.0,1.6,2.0,43.8,0.0,0.0,4.0,20.0,
2022-01-10,Snacks,172.0,1.3,0.2,0.0,0.0,0.0,0.0,60.0,460.0,26.7,4.0,17.7,17.0,2.0,150.0,4.0,0.0,
2022-01-11,Breakfast,494.0,15.5,2.6,2.7,8.8,0.0,0.0,6.7,786.2,83.4,10.8,32.8,8.4,8.8,17.8,14.9,0.7,
2022-01-11,Dinner,559.2,30.9,12.5,2.1,10.9,0.0,83.0,68.1,252.0,44.0,1.6,2.0,25.0,0.0,0.0,2.0,10.0,
2022-01-11,Lunch,738.0,26.0,6.6,0.0,0.0,0.0,0.0,880.0,0.0,65.6,4.6,10.0,28.0,0.0,0.0,0.0,0.0,
2022-01-12,Breakfast,323.6,4.5,1.6,0.0,0.0,0.0,0.0,248.0,0.0,50.7,3.7,9.8,22.0,0.0,0.0,0.0,0.0,
2022-01-12,Lunch,222.0,5.2,2.8,0.0,0.0,0.0,0.0,60.0,0.0,27.2,1.5,4.7,16.7,0.0,0.0,0.0,0.0,
2022-01-12,Snacks,105.0,0.4,0.1,0.1,0.0,0.0,0.0,1.2,422.4,27.0,3.1,14.4,1.3,3.5,10.3,5.9,0.3,
2022-01-13,Breakfast,428.0,7.0,3.6,0.0,0.0,0.0,0.0,1940.0,0.0,74.8,2.2,10.6,17.8,0.0,0.0,0.0,0.0,
2022-01-13,Snacks,230.0,5.9,2.6,0.0,0.0,0.0,0.0,0.0,460.0,44.5,5.5,13.0,3.7,2.0,150.0,4.0,0.0,
2022-01-17,Breakfast,342.0,12.2,3.9,0.0,0.0,0.0,430.0,130.3,0.0,39.1,5.4,4.7,23.2,12.0,0.0,4.0,8.0,
2022-02-22,Breakfast,282.0,3.2,0.8,0.0,0.0,0.0,0.0,248.0,0.0,48.3,3.7,7.4,16.9,0.0,0.0,0.0,0.0,
2022-02-24,Breakfast,588.0,33.6,12.2,1.4,7.3,0.0,430.0,895.3,363.8,48.8,7.6,5.1,28.7,17.3,7.5,53.0,8.4,
2022-03-01,Breakfast,412.0,17.5,3.2,2.7,8.8,0.0,0.0,6.7,786.2,51.6,10.8,16.4,16.4,8.8,17.8,14.9,0.7,
2022-03-01,Snacks,127.0,6.6,0.6,0.0,0.0,0.0,0.0,0.2,0.0,15.7,0.6,0.1,0.8,0.0,0.0,0.0,0.0,
2022-03-02,Breakfast,307.0,17.1,3.1,2.6,8.8,0.0,0.0,5.5,363.8,24.6,7.7,2.0,15.1,5.3,7.5,9.0,0.4,
2022-03-08,Breakfast,307.0,17.1,3.1,2.6,8.8,0.0,0.0,5.5,363.8,24.6,7.7,2.0,15.1,5.3,7.5,9.0,0.4,
2022-03-08,Dinner,550.0,0.0,0.0,0.0,0.0,0.0,0.0,0.0,0.0,0.0,0.0,0.0,0.0,0.0,0.0,0.0,0.0,
2022-03-08,Lunch,226.3,8.0,2.0,0.0,0.0,0.0,0.0,60.0,0.0,21.5,0.7,9.7,17.3,0.0,0.0,0.0,0.0,
2022-03-08,Snacks,127.0,6.6,0.6,0.0,0.0,0.0,0.0,0.2,0.0,15.7,0.6,0.1,0.8,0.0,0.0,0.0,0.0,
2022-03-09,Breakfast,532.8,23.8,6.9,1.4,7.3,0.0,215.0,70.7,363.8,55.4,7.8,4.1,29.4,11.3,7.5,11.0,4.4,
2022-03-09,Lunch,1015.0,45.0,7.0,0.0,0.0,0.0,0.0,1400.0,0.0,113.0,0.0,8.0,42.0,0.0,0.0,0.0,0.0,
2022-03-21,Breakfast,350.8,9.6,3.2,0.8,2.1,0.0,186.0,147.7,300.2,35.4,4.4,11.4,31.0,3.8,5.1,5.0,3.6,
2022-03-29,Breakfast,469.5,19.4,3.9,1.4,7.3,0.0,215.0,71.0,363.8,56.1,8.9,7.0,22.8,11.3,7.5,11.0,4.4,
2022-03-29,Lunch,510.0,23.8,5.5,3.9,11.4,0.0,94.0,915.3,599.8,44.4,7.9,1.8,31.6,5.3,7.5,10.0,7.4,
2022-03-29,Snacks,226.0,3.3,1.4,0.1,0.0,0.0,0.0,1.4,422.4,31.5,3.4,18.6,20.7,3.5,10.3,20.9,0.3,
2022-03-30,Breakfast,482.0,19.9,4.0,1.4,7.3,0.0,215.0,71.0,363.8,56.1,8.9,7.0,24.8,11.3,7.5,11.0,4.4,
2022-03-30,Dinner,597.0,23.5,6.9,4.9,8.2,0.0,188.0,1320.0,472.0,38.0,2.9,1.3,55.8,0.0,0.0,2.0,14.0,
2022-03-30,Lunch,149.0,7.4,0.7,0.0,0.0,0.0,0.0,164.0,0.0,19.7,1.7,1.8,1.9,0.0,0.0,0.0,0.0,
2022-03-30,Snacks,226.0,3.3,1.4,0.1,0.0,0.0,0.0,1.4,422.4,31.5,3.4,18.6,20.7,3.5,10.3,20.9,0.3,
2022-03-31,Breakfast,442.0,9.7,3.2,0.0,0.0,0.0,0.0,901.0,0.0,44.4,3.0,2.6,17.2,0.0,0.0,0.0,0.0,
2022-03-31,Dinner,597.0,23.5,6.9,4.9,8.2,0.0,188.0,1320.0,472.0,38.0,2.9,1.3,55.8,0.0,0.0,2.0,14.0,
2022-03-31,Snacks,467.1,12.5,5.9,0.1,0.0,0.0,0.0,1.5,422.4,68.0,4.4,44.0,24.7,3.5,10.3,20.9,0.3,
2022-04-01,Breakfast,469.5,19.4,3.9,1.4,7.3,0.0,215.0,71.0,363.8,56.1,8.9,7.0,22.8,11.3,7.5,11.0,4.4,
2022-04-01,Lunch,66.0,0.0,0.0,0.0,0.0,0.0,0.0,0.0,0.0,16.0,0.0,16.0,0.0,0.0,0.0,0.0,0.0,
2022-04-02,Breakfast,469.5,19.4,3.9,1.4,7.3,0.0,215.0,71.0,363.8,56.1,8.9,7.0,22.8,11.3,7.5,11.0,4.4,
2022-04-02,Dinner,676.0,14.1,4.4,0.7,3.7,0.0,0.0,3.8,181.9,69.6,4.9,0.2,10.4,2.6,3.8,4.5,0.2,
2022-04-02,Lunch,221.0,2.9,1.3,0.0,0.0,0.0,0.0,0.2,0.0,4.5,0.3,4.2,19.4,0.0,0.0,15.0,0.0,
2022-04-03,Breakfast,519.5,19.4,3.9,1.4,7.3,0.0,215.0,71.0,363.8,56.1,8.9,7.0,22.8,11.3,7.5,11.0,4.4,
2022-04-03,Dinner,1090.0,40.4,1.0,0.0,0.0,0.0,0.0,434.0,0.1,77.9,3.2,5.2,81.4,0.0,0.0,0.0,0.0,
2022-04-04,Breakfast,470.5,13.2,5.3,0.0,0.0,0.0,215.0,66.1,0.0,50.5,3.9,6.5,27.7,6.0,0.0,2.0,4.0,
2022-04-04,Dinner,807.7,19.2,1.7,0.0,0.0,0.0,11.5,656.0,0.0,78.9,6.3,3.4,17.4,0.0,0.0,1.0,5.0,
2022-04-05,Breakfast,387.6,9.7,2.2,0.0,0.0,0.0,0.0,0.4,0.0,50.0,5.7,9.6,27.5,0.0,0.0,15.0,0.0,
2022-04-05,Dinner,1184.0,29.5,2.5,0.1,0.0,0.0,0.0,519.9,422.4,75.5,6.6,20.2,87.5,3.5,10.3,20.9,0.3,
2022-04-06,Breakfast,457.0,18.2,2.5,2.4,8.3,0.0,0.0,5.9,363.8,64.9,10.9,12.0,12.4,5.3,7.5,9.0,10.4,
2022-04-06,Dinner,914.9,16.8,3.3,0.0,0.0,0.0,0.0,0.3,0.0,68.3,4.1,13.3,67.2,0.0,0.0,15.0,0.0,
2022-04-07,Breakfast,314.0,5.2,0.7,1.0,1.0,0.0,0.0,0.2,0.0,31.8,4.0,5.8,5.8,0.0,0.0,0.0,10.0,
2022-04-07,Dinner,900.0,0.0,0.0,0.0,0.0,0.0,0.0,0.0,0.0,0.0,0.0,0.0,0.0,0.0,0.0,0.0,0.0,
2022-04-08,Breakfast,332.0,5.8,0.7,1.1,1.0,0.0,10.0,40.2,641.0,54.5,5.2,23.1,17.7,9.0,66.0,16.0,12.0,
2022-04-09,Breakfast,332.0,5.8,0.7,1.1,1.0,0.0,10.0,40.2,641.0,54.5,5.2,23.1,17.7,9.0,66.0,16.0,12.0,
2022-04-09,Dinner,150.0,0.0,0.0,0.0,0.0,0.0,0.0,0.0,0.0,0.0,0.0,0.0,0.0,0.0,0.0,0.0,0.0,
2022-04-12,Breakfast,700.0,25.0,5.6,4.4,12.9,0.0,368.0,195.3,503.8,7.2,5.0,0.9,13.5,19.3,7.5,13.0,8.4,
2022-04-12,Dinner,367.6,14.1,4.4,0.0,0.0,0.0,0.0,517.0,0.0,43.1,2.9,3.3,6.0,0.0,0.0,0.0,0.0,
2022-04-13,Breakfast,269.3,5.2,0.7,1.0,1.0,0.0,10.0,40.5,263.6,40.6,4.0,14.5,16.1,0.0,0.0,15.4,10.0,
2022-04-13,Dinner,378.7,17.4,2.4,0.0,0.0,0.0,0.0,434.3,0.0,35.1,3.5,7.6,22.2,0.0,0.0,15.0,0.0,
2022-05-11,Breakfast,762.5,29.5,11.1,1.4,7.3,0.0,215.0,470.3,363.8,9.0,5.2,1.7,26.3,11.3,7.5,51.0,4.4,
2022-05-12,Breakfast,539.0,13.7,7.6,0.2,0.1,0.0,0.0,2.6,844.9,84.6,6.4,45.7,24.8,7.1,20.5,26.8,0.6,
2022-05-12,Lunch,512.5,34.5,12.6,1.4,7.3,0.0,430.0,535.3,363.8,10.0,5.2,1.7,32.3,17.3,7.5,53.0,8.4,
2022-05-13,Breakfast,324.5,17.8,5.2,1.4,7.3,0.0,0.0,5.4,363.8,31.3,5.0,7.4,11.6,5.3,7.5,9.0,0.4,
2022-05-16,Breakfast,247.3,4.1,0.6,1.0,1.0,0.0,10.0,40.4,263.6,38.2,4.0,12.1,15.7,0.0,0.0,15.4,10.0,
2022-05-17,Breakfast,342.3,4.4,0.6,1.2,1.0,0.0,10.0,41.5,409.9,49.1,6.4,19.3,16.5,0.0,82.7,16.9,12.3,
2022-05-19,Breakfast,736.0,28.8,9.9,0.0,0.0,0.0,0.0,859.0,0.0,94.4,8.0,40.8,26.3,0.0,0.0,0.0,0.0,
2022-05-20,Breakfast,312.0,12.7,5.2,0.0,0.0,0.0,215.0,65.7,0.0,26.1,1.9,3.3,25.1,6.0,0.0,2.0,4.0,
2022-05-24,Breakfast,271.0,4.4,0.6,1.2,1.0,0.0,10.0,41.2,406.3,43.3,6.4,13.6,16.5,0.0,82.7,16.5,12.3,
2022-05-24,Lunch,132.0,7.7,0.6,0.0,0.0,0.0,0.0,136.0,0.0,14.1,1.1,0.0,1.5,0.0,0.0,0.0,0.0,
2022-06-16,Breakfast,490.0,23.1,9.6,0.0,0.0,0.0,430.0,988.5,0.0,43.3,2.1,2.3,29.6,12.0,0.0,4.0,8.0,
2022-06-16,Dinner,539.2,13.9,5.9,0.9,0.9,0.0,0.0,68.9,481.6,65.9,3.2,4.0,37.7,0.0,0.0,20.0,16.0,
2022-06-16,Lunch,415.0,4.5,1.9,0.3,0.3,0.0,0.0,3.9,800.4,77.5,13.1,55.4,26.1,3.5,146.8,23.4,2.3,
2022-06-17,Breakfast,569.0,25.5,12.0,0.0,0.0,0.0,430.0,970.0,0.0,59.8,3.3,2.0,27.5,12.0,0.0,4.0,8.0,
2022-06-20,Breakfast,308.0,10.0,3.0,0.0,0.0,0.0,430.0,130.0,0.0,2.0,0.0,0.0,12.0,12.0,0.0,4.0,8.0,
2022-06-20,Lunch,572.0,24.4,2.9,0.0,0.0,0.0,0.0,2.5,0.0,57.3,0.0,4.4,27.9,0.0,0.0,0.0,0.0,
2022-06-21,Breakfast,241.0,5.0,1.5,0.0,0.0,0.0,215.0,65.0,0.0,1.0,0.0,0.0,6.0,6.0,0.0,2.0,4.0,
2022-06-21,Lunch,450.0,0.0,0.0,0.0,0.0,0.0,0.0,0.0,0.0,0.0,0.0,0.0,0.0,0.0,0.0,0.0,0.0,
2022-06-22,Breakfast,308.0,10.0,3.0,0.0,0.0,0.0,430.0,130.0,0.0,2.0,0.0,0.0,12.0,12.0,0.0,4.0,8.0,
2022-06-22,Lunch,650.4,16.6,7.5,0.0,0.0,0.0,0.0,100.9,389.3,36.4,0.9,34.5,47.1,7.5,25.0,54.5,0.0,
2022-06-23,Lunch,584.0,15.3,1.2,0.0,0.0,0.0,0.0,950.1,0.0,63.4,2.9,3.7,24.2,0.0,0.0,0.0,0.0,
2022-06-23,Snacks,115.0,6.5,2.4,0.0,0.0,0.0,0.0,0.0,0.0,10.1,0.0,4.8,1.6,0.0,0.0,0.0,0.0,
2022-06-24,Breakfast,421.0,12.1,1.1,0.0,0.0,0.0,0.0,0.8,0.0,16.2,1.0,1.2,20.7,0.0,0.0,0.0,0.0,
2022-06-24,Lunch,538.0,19.2,16.0,0.0,0.0,0.0,0.0,0.0,0.0,25.2,0.0,0.0,3.6,0.0,0.0,0.0,0.0,
2022-06-24,Snacks,75.0,5.3,1.8,0.0,0.0,0.0,0.0,0.0,0.0,5.6,0.0,5.0,1.0,0.0,0.0,0.0,0.0,
2022-06-27,Breakfast,308.0,10.0,3.0,0.0,0.0,0.0,430.0,130.0,0.0,2.0,0.0,0.0,12.0,12.0,0.0,4.0,8.0,
2022-06-28,Breakfast,308.0,10.0,3.0,0.0,0.0,0.0,430.0,130.0,0.0,2.0,0.0,0.0,12.0,12.0,0.0,4.0,8.0,
2022-06-28,Dinner,485.0,7.6,0.7,0.0,0.0,0.0,0.0,0.6,0.0,18.9,1.2,1.6,15.7,0.0,0.0,0.0,0.0,
2022-06-28,Lunch,830.0,0.0,0.0,0.0,0.0,0.0,0.0,0.0,0.0,0.0,0.0,0.0,0.0,0.0,0.0,0.0,0.0,
2022-06-29,Breakfast,338.0,14.3,3.7,1.2,2.4,0.0,430.0,130.0,0.0,35.7,0.0,0.0,17.3,12.0,0.0,4.0,8.0,
2022-06-29,Dinner,908.3,29.9,6.7,4.4,6.8,0.0,170.0,148.4,512.0,71.4,0.0,1.5,82.3,0.0,0.0,2.0,12.0,
2022-06-29,Lunch,480.0,14.7,2.2,0.0,0.0,0.0,0.0,2710.0,0.0,63.5,0.0,10.9,25.6,0.0,0.0,0.0,0.0,
2022-06-29,Snacks,82.0,3.7,0.0,0.0,0.0,0.0,0.0,0.0,0.0,11.2,0.5,0.0,1.2,0.0,0.0,0.0,0.0,
2022-06-30,Breakfast,369.0,9.4,4.1,0.0,0.0,0.0,0.0,1.2,0.0,48.7,2.8,5.6,24.0,0.0,0.0,0.0,0.0,
2022-06-30,Dinner,659.5,19.4,5.3,4.3,7.3,0.0,166.4,725.7,417.7,48.5,0.0,0.0,50.1,0.0,0.0,1.8,12.4,
2022-06-30,Lunch,452.2,16.3,1.5,0.0,0.0,0.0,0.0,310.1,0.0,54.9,2.3,3.0,22.4,0.0,0.0,0.0,0.0,
2022-06-30,Snacks,257.0,3.7,0.0,0.0,0.0,0.0,0.0,0.0,0.0,11.2,0.5,0.0,1.2,0.0,0.0,0.0,0.0,
2022-07-01,Breakfast,369.0,9.4,4.1,0.0,0.0,0.0,0.0,1.2,0.0,48.7,2.8,5.6,24.0,0.0,0.0,0.0,0.0,
2022-07-01,Dinner,664.8,27.3,11.0,0.1,0.0,0.3,80.0,67.4,582.4,56.7,2.6,1.1,27.6,0.8,3.2,25.2,16.6,
2022-07-01,Lunch,571.0,17.5,6.0,0.0,0.0,0.0,0.0,203.2,0.0,55.4,0.0,7.2,50.3,0.0,0.0,0.0,0.0,
2022-07-01,Snacks,210.0,0.0,0.0,0.0,0.0,0.0,0.0,0.0,0.0,0.0,0.0,0.0,0.0,0.0,0.0,0.0,0.0,
2022-07-02,Breakfast,105.0,0.4,0.1,0.1,0.0,0.0,0.0,1.2,422.4,27.0,3.1,14.4,1.3,3.5,10.3,5.9,0.3,
2022-07-04,Breakfast,279.0,11.9,5.3,0.0,0.0,0.0,0.0,0.4,0.0,23.6,1.0,0.0,20.1,0.0,0.0,0.0,0.0,
2022-07-04,Lunch,605.0,27.3,7.3,4.9,8.6,0.0,141.9,619.3,356.4,35.5,0.0,0.6,50.5,0.0,0.0,1.5,10.6,
2022-07-04,Snacks,70.0,0.0,0.0,0.0,0.0,0.0,0.0,0.0,0.0,0.0,0.0,0.0,0.0,0.0,0.0,0.0,0.0,
2022-07-05,Breakfast,369.0,9.4,4.1,0.0,0.0,0.0,0.0,1.2,0.0,48.7,2.8,5.6,24.0,0.0,0.0,0.0,0.0,
2022-07-05,Lunch,601.8,16.3,5.8,2.2,3.9,0.0,0.0,58.5,0.0,77.0,2.6,8.8,36.3,0.0,0.0,0.0,0.0,
2022-07-05,Snacks,186.0,4.5,0.5,0.0,0.0,0.0,0.0,0.0,0.0,21.6,1.4,4.9,15.2,0.0,0.0,0.0,0.0,
2022-07-06,Breakfast,369.0,9.4,4.1,0.0,0.0,0.0,0.0,1.2,0.0,48.7,2.8,5.6,24.0,0.0,0.0,0.0,0.0,
2022-07-06,Dinner,733.9,28.8,7.7,5.2,9.2,0.0,155.1,676.7,389.4,35.5,0.0,0.6,54.1,0.0,0.0,1.6,11.5,
2022-07-06,Lunch,544.9,13.0,4.9,1.5,2.7,0.0,0.0,39.8,0.0,77.0,2.6,8.8,29.8,0.0,0.0,0.0,0.0,
2022-07-06,Snacks,75.0,0.0,0.0,0.0,0.0,0.0,0.0,0.0,0.0,0.0,0.0,0.0,0.0,0.0,0.0,0.0,0.0,
2022-07-07,Breakfast,369.0,9.4,4.1,0.0,0.0,0.0,0.0,1.2,0.0,48.7,2.8,5.6,24.0,0.0,0.0,0.0,0.0,
2022-07-07,Dinner,1779.0,0.0,0.0,0.0,0.0,0.0,0.0,0.0,0.0,0.0,0.0,0.0,0.0,0.0,0.0,0.0,0.0,
2022-07-07,Lunch,510.0,22.3,5.7,0.0,0.0,0.0,0.0,0.0,0.0,60.9,8.0,9.4,19.8,0.0,0.0,0.0,0.0,
2022-07-07,Snacks,82.0,3.7,0.0,0.0,0.0,0.0,0.0,0.0,0.0,11.2,0.5,0.0,1.2,0.0,0.0,0.0,0.0,
2022-07-08,Breakfast,369.0,9.4,4.1,0.0,0.0,0.0,0.0,1.2,0.0,48.7,2.8,5.6,24.0,0.0,0.0,0.0,0.0,
2022-07-08,Dinner,551.5,12.0,3.9,2.6,3.8,0.0,116.5,101.5,350.7,34.3,0.0,0.0,54.0,0.0,0.0,1.4,8.2,
2022-07-08,Lunch,604.0,1.5,0.7,0.0,0.0,0.0,0.0,0.4,0.0,26.0,4.7,20.3,22.7,0.0,16.1,0.0,0.0,
2022-07-08,Snacks,357.0,7.5,1.0,0.0,0.0,0.0,0.0,300.0,0.0,35.2,3.2,11.0,2.5,0.0,0.0,0.0,0.0,
2022-07-09,Breakfast,369.0,9.4,4.1,0.0,0.0,0.0,0.0,1.2,0.0,48.7,2.8,5.6,24.0,0.0,0.0,0.0,0.0,
2022-07-09,Dinner,695.0,18.0,5.5,0.6,0.2,0.0,50.9,135.9,693.7,73.6,10.1,6.1,48.4,0.0,0.0,1.9,13.2,
2022-07-09,Snacks,272.0,9.3,6.0,0.0,0.0,0.0,0.0,0.0,0.0,44.0,0.0,37.0,6.3,0.0,0.0,0.0,0.0,
2022-07-11,Breakfast,369.0,9.4,4.1,0.0,0.0,0.0,0.0,1.2,0.0,48.7,2.8,5.6,24.0,0.0,0.0,0.0,0.0,
2022-07-11,Lunch,436.0,15.0,0.7,1.0,6.3,0.0,0.0,0.3,0.0,54.9,1.1,0.1,18.8,0.0,0.0,0.0,0.0,
2022-07-11,Snacks,108.0,0.0,0.0,0.0,0.0,0.0,0.0,0.0,0.0,26.8,0.2,24.6,0.2,0.0,0.0,0.0,0.0,
2022-07-12,Breakfast,389.0,12.4,5.0,0.0,0.0,0.0,215.0,66.2,0.0,49.7,2.8,5.6,22.0,6.0,0.0,2.0,4.0,
2022-07-12,Lunch,1025.0,31.0,1.0,2.0,3.0,0.0,0.0,100.0,0.0,60.0,0.0,0.0,64.0,0.0,0.0,0.0,0.0,
2022-07-13,Breakfast,338.0,14.3,3.7,1.2,2.4,0.0,430.0,130.0,0.0,35.7,0.0,0.0,17.3,12.0,0.0,4.0,8.0,
2022-07-13,Lunch,800.0,0.0,0.0,0.0,0.0,0.0,0.0,0.0,0.0,0.0,0.0,0.0,0.0,0.0,0.0,0.0,0.0,
2022-07-18,Breakfast,92.0,2.0,1.0,0.0,0.0,0.0,0.0,0.0,0.0,17.2,0.0,12.8,1.2,0.0,0.0,0.0,0.0,
2022-07-18,Lunch,605.0,0.0,0.0,0.0,0.0,0.0,0.0,0.0,0.0,0.0,0.0,0.0,0.0,0.0,0.0,0.0,0.0,
2022-08-31,Dinner,474.5,6.5,1.7,1.7,1.7,0.0,144.5,125.8,435.2,42.2,0.0,0.0,56.7,0.0,0.0,1.7,10.2,
2022-10-13,Breakfast,1033.7,44.1,13.6,0.0,0.0,0.0,215.0,571.0,0.0,108.5,12.1,26.5,56.8,6.0,0.0,22.0,4.0,
2023-01-19,Breakfast,508.0,1.0,0.0,0.0,0.0,0.0,0.0,0.0,0.0,21.8,2.0,19.8,1.8,0.0,0.0,0.0,0.0,
2023-01-19,Lunch,936.0,0.0,0.0,0.0,0.0,0.0,0.0,0.0,0.0,0.0,0.0,0.0,0.0,0.0,0.0,0.0,0.0,
2023-01-19,Snacks,70.0,3.5,1.5,0.0,0.0,0.0,0.0,30.0,34.0,9.0,0.3,5.0,1.0,0.0,0.0,0.9,1.1,
2023-01-20,Breakfast,591.0,10.6,6.2,0.0,0.0,0.0,0.0,0.0,0.0,105.3,1.5,44.4,19.9,0.0,60.0,0.0,0.0,
2023-01-20,Lunch,107.0,1.1,0.0,0.1,0.1,0.0,0.0,5.0,523.0,28.1,5.9,15.0,2.4,7.0,159.0,4.0,2.0,
2023-01-20,Snacks,172.3,8.8,2.1,0.0,0.0,0.0,0.0,267.6,34.0,21.8,1.2,5.5,2.5,0.0,0.0,0.9,1.1,
2023-01-24,Breakfast,459.8,19.4,4.5,0.0,0.0,0.0,0.0,0.5,0.0,39.8,1.5,12.1,32.1,0.0,0.0,15.0,0.0,
2023-01-24,Lunch,869.0,0.0,0.0,0.0,0.0,0.0,0.0,0.0,0.0,0.0,0.0,0.0,0.0,0.0,0.0,0.0,0.0,
2023-01-24,Snacks,72.1,0.3,0.1,0.1,0.0,0.0,0.0,0.8,290.0,18.5,2.1,9.9,0.9,2.4,7.0,4.1,0.2,
2023-01-25,Breakfast,600.0,0.0,0.0,0.0,0.0,0.0,0.0,0.0,0.0,0.0,0.0,0.0,0.0,0.0,0.0,0.0,0.0,
2023-01-25,Lunch,588.0,0.0,0.0,0.0,0.0,0.0,0.0,0.0,0.0,0.0,0.0,0.0,0.0,0.0,0.0,0.0,0.0,
2023-01-25,Snacks,118.0,5.0,0.3,0.0,0.0,0.0,0.0,124.0,0.0,11.4,0.5,0.6,7.0,0.0,0.0,0.0,0.0,
2023-02-01,Breakfast,552.0,28.6,6.3,4.1,14.3,0.0,331.2,178.0,576.0,59.6,9.9,2.8,22.0,15.1,1.3,4.8,15.6,
2023-02-01,Lunch,275.0,7.5,2.8,0.0,0.0,0.0,0.0,0.6,0.0,12.6,0.6,12.0,39.4,0.0,0.0,30.0,0.0,
2023-02-13,Breakfast,166.3,0.8,0.4,0.0,0.2,0.0,0.0,9.9,126.0,25.2,2.0,19.5,16.7,0.0,0.4,18.4,1.3,
2023-02-13,Dinner,534.0,26.5,8.3,1.0,6.3,0.1,445.0,430.3,0.0,49.6,2.7,2.1,26.1,18.0,0.0,22.0,16.0,
2023-02-13,Lunch,536.0,7.6,1.0,0.0,0.0,0.0,0.0,1630.0,0.0,82.9,5.1,4.2,37.3,0.0,0.0,0.0,0.0,
2023-02-13,Snacks,370.6,10.3,0.0,0.0,0.0,0.0,0.0,0.0,697.1,59.3,14.0,25.2,19.0,2.0,266.2,9.2,0.7,
2023-02-14,Breakfast,378.0,8.0,2.0,0.0,0.0,0.0,0.0,0.0,0.0,56.4,0.0,0.0,18.2,0.0,0.0,0.0,0.0,
2023-02-14,Dinner,560.0,23.8,3.6,1.6,2.4,0.0,170.0,148.0,512.0,40.9,2.0,2.0,52.1,0.0,0.0,35.8,30.0,
2023-02-14,Lunch,889.3,22.3,8.0,18.0,0.0,0.0,0.0,1.6,0.0,55.7,7.6,3.3,33.0,0.0,0.0,0.0,0.0,
2023-02-15,Breakfast,523.7,16.6,4.3,0.6,0.9,0.0,62.9,95.1,189.4,61.0,2.2,14.9,34.6,0.0,0.0,31.6,16.1,
2023-02-15,Dinner,785.0,36.2,11.3,4.9,8.2,0.0,188.0,947.5,494.5,53.8,1.6,13.5,58.0,0.0,4.0,14.0,25.0,
2023-02-15,Lunch,474.0,2.5,0.2,0.0,0.0,0.0,0.0,62.0,0.0,5.7,0.2,0.3,3.5,0.0,0.0,0.0,0.0,
2023-02-16,Breakfast,253.0,6.4,3.7,9.1,0.0,0.0,0.0,1.2,422.4,40.5,5.6,15.6,16.3,3.5,10.3,5.9,0.3,
2023-02-16,Lunch,616.0,0.0,0.0,0.0,0.0,0.0,0.0,0.0,0.0,0.0,0.0,0.0,0.0,0.0,0.0,0.0,0.0,
2023-02-16,Snacks,119.6,0.4,0.1,0.0,0.0,0.0,0.0,1.2,0.0,16.2,0.6,15.6,12.4,0.0,0.0,13.2,0.0,
2023-02-17,Breakfast,464.0,20.2,5.0,0.0,0.0,0.0,645.0,195.1,0.0,52.2,4.4,12.4,23.7,18.0,0.0,6.0,12.0,
2023-02-17,Dinner,483.1,21.0,5.8,3.2,5.3,0.0,122.2,613.0,306.8,33.6,1.6,2.0,38.0,0.0,0.0,11.3,17.1,
2023-02-17,Lunch,90.0,1.0,0.0,0.0,0.0,0.0,0.0,0.0,460.0,22.0,4.0,13.0,2.0,2.0,150.0,4.0,0.0,
2023-02-18,Breakfast,409.6,10.3,6.1,0.0,0.0,0.0,0.0,102.0,389.3,67.6,5.8,25.7,15.0,7.5,0.0,37.5,37.5,
2023-02-20,Breakfast,310.1,8.1,4.8,0.0,0.0,0.0,0.0,81.9,311.4,50.4,3.9,22.5,11.2,6.0,0.0,30.0,25.0,
2023-03-21,Breakfast,503.0,25.3,8.7,3.8,2.6,0.0,430.0,482.0,0.0,44.5,5.4,2.6,28.8,12.0,0.0,4.0,8.0,
2023-03-21,Dinner,322.4,6.1,1.4,2.2,1.6,0.0,93.5,116.9,718.8,25.5,4.9,2.3,40.7,0.3,130.8,6.8,17.9,
2023-03-21,Snacks,434.4,16.5,3.9,0.0,0.0,0.0,0.0,183.3,200.4,56.9,7.4,43.8,16.6,11.1,0.0,15.8,1.4,
2023-03-22,Lunch,590.8,27.0,11.2,1.9,1.3,0.0,430.0,407.8,0.0,54.5,3.3,28.1,35.7,12.0,0.0,19.0,8.0,
2023-03-23,Breakfast,427.6,17.3,7.5,0.0,0.0,0.0,430.0,231.8,0.0,38.5,0.9,20.1,30.4,12.0,0.0,19.0,8.0,
2023-03-23,Dinner,1006.1,39.6,14.0,2.9,12.7,0.0,0.0,458.2,1389.4,119.4,9.3,13.0,45.3,16.2,238.7,8.8,28.7,
2023-03-24,Breakfast,619.7,13.4,3.8,0.2,0.1,0.0,430.0,239.7,210.4,96.1,5.9,37.1,33.1,12.0,113.2,21.4,11.6,
2023-03-25,Breakfast,437.0,19.5,7.7,0.1,0.0,0.0,430.0,130.9,97.5,39.6,3.3,19.3,27.3,12.0,55.1,24.0,9.5,
2023-04-27,Lunch,723.0,14.9,3.4,0.0,0.0,0.0,440.0,170.0,260.0,68.0,0.0,41.5,24.7,12.0,0.0,19.0,8.0,
2023-05-02,Breakfast,552.0,23.1,5.4,0.0,0.0,0.0,645.0,195.0,0.0,53.1,0.0,0.0,32.4,18.0,0.0,6.0,12.0,
2023-05-02,Dinner,505.3,13.4,4.0,1.2,2.0,0.0,136.0,434.4,409.6,32.8,4.6,0.0,62.2,0.7,0.0,2.4,9.2,
2023-05-02,Lunch,65.0,0.1,0.1,0.0,0.0,0.0,0.0,0.0,0.0,4.9,0.5,3.8,11.4,0.0,0.0,0.0,0.0,
2023-05-02,Snacks,142.7,6.4,2.7,0.0,0.0,0.0,0.0,61.4,0.0,20.7,1.5,8.0,2.6,0.0,0.0,0.0,0.0,
2023-05-03,Breakfast,558.0,31.9,8.8,1.4,7.3,0.0,430.0,335.3,363.8,42.6,5.1,1.1,27.5,17.3,7.5,33.0,8.4,
2023-05-03,Dinner,505.3,13.4,4.0,1.2,2.0,0.0,136.0,434.4,409.6,32.8,4.6,0.0,62.2,0.7,0.0,2.4,9.2,
2023-05-03,Lunch,398.4,2.4,0.5,0.0,0.0,0.0,0.0,0.0,0.0,62.1,7.7,2.6,36.1,0.0,0.0,0.0,0.0,
2023-05-04,Lunch,450.0,2.7,0.6,0.0,0.0,0.0,0.0,0.0,0.0,73.0,9.0,3.0,38.0,0.0,0.0,0.0,0.0,
2023-05-04,Snacks,300.0,0.0,0.0,0.0,0.0,0.0,0.0,0.0,0.0,0.0,0.0,0.0,0.0,0.0,0.0,0.0,0.0,
2023-05-29,Lunch,391.0,10.4,3.0,0.0,0.0,0.0,450.0,210.0,520.0,40.4,2.3,7.1,36.3,12.0,0.0,34.0,8.0,
2023-06-21,Lunch,690.5,46.9,9.1,6.2,19.4,0.0,645.0,517.4,363.9,47.0,9.9,2.7,28.3,23.3,7.5,15.0,12.8,
2023-06-23,Breakfast,407.0,15.4,4.5,0.0,0.0,0.0,655.0,235.0,260.0,38.4,2.3,4.1,32.0,18.0,0.0,21.0,12.0,
2023-06-23,Lunch,616.0,23.9,8.4,0.0,0.0,0.0,0.0,940.0,0.0,74.6,0.0,33.2,24.6,0.0,0.0,0.0,0.0,
2023-06-27,Breakfast,155.8,0.8,0.1,0.3,0.1,0.0,0.0,2.2,289.6,27.3,5.3,18.6,12.9,1.2,161.0,2.8,4.7,
2023-06-29,Lunch,340.0,28.2,9.6,0.0,0.0,0.0,0.0,0.0,0.0,18.2,0.0,12.2,3.6,0.0,0.0,0.0,0.0,
2023-07-06,Breakfast,479.0,15.3,4.5,0.0,0.0,0.0,655.0,837.5,1080.0,61.0,5.0,5.5,33.3,18.0,30.0,23.5,17.0,
2023-07-12,Breakfast,531.2,22.2,1.9,1.4,9.8,0.0,10.0,396.3,260.1,48.9,3.0,4.4,35.7,0.0,0.0,15.0,0.4,
2023-07-18,Breakfast,226.0,4.4,2.6,0.0,0.0,0.0,0.0,0.3,0.0,35.2,0.0,33.7,10.7,0.0,0.0,46.0,0.0,
2023-07-18,Lunch,572.0,19.8,2.2,0.0,0.0,0.0,0.0,980.0,0.0,74.8,3.4,14.9,25.4,0.0,0.0,0.0,0.0,
2023-08-23,Breakfast,473.8,15.3,5.5,0.0,0.0,0.0,437.5,731.2,972.4,60.6,5.1,4.8,31.4,12.0,28.4,17.7,12.7,
2023-08-23,Lunch,514.0,19.3,2.2,0.0,0.0,0.0,0.0,980.0,0.0,61.3,2.6,4.1,25.2,0.0,0.0,0.0,0.0,
2023-08-24,Breakfast,518.0,20.4,8.1,0.0,0.0,0.0,435.0,632.0,786.0,55.8,4.8,3.6,35.1,12.0,24.0,13.5,12.0,
2023-09-06,Breakfast,470.3,22.9,5.2,0.0,0.0,0.0,430.0,346.8,0.0,30.2,4.0,2.4,39.4,12.0,0.0,4.0,8.0,
2023-09-06,Snacks,100.0,1.7,1.0,0.0,0.0,0.0,0.0,0.0,0.0,14.6,0.0,6.9,6.5,0.0,0.0,0.0,0.0,
2023-09-08,Breakfast,821.0,37.3,8.0,0.0,0.0,0.0,430.0,644.9,0.0,58.5,8.0,4.9,68.4,12.0,0.0,4.0,8.0,
2023-09-21,Breakfast,419.2,8.3,1.7,1.5,1.5,0.0,0.0,0.2,0.0,51.1,7.0,10.3,36.5,0.0,0.0,0.0,15.0,
2023-09-21,Lunch,524.2,24.0,8.4,0.0,0.0,0.0,645.0,1274.2,0.0,46.9,1.6,2.3,32.0,18.0,0.0,6.0,12.0,
2023-09-22,Breakfast,456.1,7.4,1.6,1.2,1.1,0.0,0.0,2.0,198.6,59.7,8.4,24.8,41.2,0.0,110.3,2.4,13.1,
2023-09-22,Dinner,705.3,20.6,5.5,3.9,7.4,0.0,221.2,766.4,679.4,63.0,6.5,3.5,66.2,0.0,0.0,1.6,6.7,
2023-09-22,Lunch,637.9,25.6,2.2,0.0,0.0,0.0,0.0,980.0,0.0,76.2,2.6,4.1,27.0,0.0,0.0,0.0,0.0,
2023-09-23,Breakfast,214.6,3.3,0.9,0.1,0.0,0.0,0.0,1.1,316.8,27.0,2.9,15.4,21.0,2.7,7.7,4.4,0.2,
2023-09-24,Breakfast,581.1,30.9,7.7,0.0,0.0,0.0,645.0,574.6,0.0,31.4,4.0,2.6,48.6,18.0,0.0,6.0,12.0,
2023-09-25,Breakfast,581.1,30.9,7.7,0.0,0.0,0.0,645.0,574.6,0.0,31.4,4.0,2.6,48.6,18.0,0.0,6.0,12.0,
2023-09-25,Dinner,685.5,23.1,9.0,1.0,1.5,0.0,106.2,106.1,320.0,66.9,2.3,9.9,50.7,0.5,0.0,1.9,7.2,
2023-09-25,Lunch,155.3,0.4,0.1,0.1,0.0,0.0,0.0,4.5,429.8,40.7,2.0,34.8,1.6,0.0,12.0,2.3,4.5,
2023-09-26,Dinner,490.4,21.1,9.4,0.8,6.0,0.3,37.5,934.0,0.0,53.2,1.8,12.8,23.3,7.5,0.0,40.0,10.0,
2023-09-26,Lunch,685.5,23.1,9.0,1.0,1.5,0.0,106.2,106.1,320.0,66.9,2.3,9.9,50.7,0.5,0.0,1.9,7.2,
2023-09-26,Snacks,271.0,3.8,1.0,0.1,0.0,0.0,0.0,1.4,422.4,34.5,3.9,20.6,26.1,3.5,25.3,5.9,0.3,
2023-09-27,Lunch,509.7,15.0,4.5,1.1,1.7,0.0,119.0,413.9,358.4,38.5,2.3,6.0,53.4,0.6,0.0,2.1,8.1,
2023-09-28,Breakfast,443.7,13.6,4.1,0.8,1.2,0.0,85.0,384.3,256.0,38.5,2.3,6.0,41.0,0.4,0.0,1.5,5.8,
2023-09-28,Dinner,1561.0,77.6,13.5,0.0,0.0,0.0,0.0,2400.0,0.0,202.5,13.8,20.4,20.9,0.0,0.0,0.0,0.0,
2023-09-28,Lunch,284.0,4.9,1.1,0.1,0.0,0.0,0.0,1.5,422.4,36.9,3.9,23.0,25.5,3.5,10.3,5.9,0.3,
2023-09-29,Breakfast,263.0,4.8,1.1,0.1,0.0,0.0,0.0,1.2,338.0,31.5,3.3,20.1,25.2,2.8,8.2,4.7,0.2,
2023-09-29,Lunch,872.7,35.1,8.7,1.0,1.6,0.0,110.5,406.7,332.8,79.8,4.1,6.1,58.0,0.5,0.0,2.0,7.5,
2023-09-30,Breakfast,526.2,16.4,4.6,0.9,1.5,0.0,102.0,361.6,307.2,45.8,2.8,5.9,47.8,0.5,0.0,1.8,6.9,
2023-09-30,Dinner,846.3,7.5,2.8,0.0,0.0,0.0,0.0,59.3,0.0,17.8,0.0,0.0,1.6,0.0,0.0,0.0,0.0,
2023-09-30,Snacks,113.0,6.8,1.3,0.0,0.0,0.0,0.0,0.0,0.0,11.0,0.0,0.0,1.5,0.0,0.0,0.0,0.0,
2023-10-01,Lunch,1057.9,61.6,22.8,8.0,5.4,1.2,122.9,697.2,294.8,171.4,2.9,88.9,29.1,0.0,0.7,16.1,11.6,
2023-10-02,Breakfast,534.6,17.2,4.7,0.9,1.5,0.0,102.0,414.1,307.2,46.1,2.8,6.0,47.9,0.5,0.0,1.8,6.9,
2023-10-03,Lunch,905.0,26.6,14.1,0.0,0.0,0.0,7.5,65.0,0.0,103.4,0.5,25.1,62.6,3.0,0.0,1.0,2.0,
2023-10-04,Breakfast,534.6,17.2,4.7,0.9,1.5,0.0,102.0,414.1,307.2,46.1,2.8,6.0,47.9,0.5,0.0,1.8,6.9,
2023-10-05,Breakfast,645.6,22.4,5.2,0.9,1.5,0.0,102.0,414.1,307.2,61.0,3.7,6.0,49.3,0.5,0.0,1.8,6.9,
2023-10-05,Dinner,753.3,20.9,5.5,1.2,2.6,0.0,102.0,114.3,307.2,71.2,1.0,3.6,66.0,0.5,0.0,1.8,6.9,
2023-10-06,Breakfast,526.7,16.6,4.4,0.9,1.5,0.0,102.0,383.1,307.2,45.5,2.8,5.6,47.6,0.5,0.0,1.8,6.9,
2023-10-06,Dinner,777.2,19.8,4.9,0.9,1.5,0.0,110.8,325.2,307.2,78.0,1.8,1.7,68.4,2.7,7.7,5.1,13.5,
2023-10-06,Snacks,243.8,0.4,0.1,0.1,0.0,0.0,0.0,1.2,422.4,62.3,3.1,49.7,1.3,3.5,10.3,5.9,0.3,
2023-10-07,Breakfast,474.5,17.0,5.3,0.5,0.9,0.0,59.5,346.2,179.2,45.8,2.8,5.7,34.4,0.3,0.0,1.1,4.0,
2023-10-07,Dinner,899.0,24.1,7.4,1.0,1.6,0.0,130.5,1202.2,332.8,104.9,6.7,9.4,65.7,8.5,20.0,22.0,23.5,
2023-10-07,Snacks,325.0,14.7,6.0,0.0,0.0,0.0,0.0,0.2,0.0,36.8,1.2,22.8,12.6,0.0,0.0,0.0,0.0,
2023-10-08,Breakfast,652.4,20.9,7.2,0.9,1.5,0.0,102.0,383.3,307.2,61.1,2.8,20.8,52.1,0.5,0.0,1.8,6.9,
2023-10-08,Dinner,665.5,26.1,3.8,1.2,1.9,0.0,127.5,119.0,384.0,51.3,5.2,8.2,56.0,0.6,0.0,2.3,8.7,
2023-10-08,Snacks,120.0,6.2,3.0,0.0,0.0,0.0,0.0,0.1,0.0,15.6,0.6,11.4,1.3,0.0,0.0,0.0,0.0,
2023-10-09,Breakfast,502.0,8.4,3.4,1.1,1.0,0.0,0.0,1.5,711.7,72.6,7.9,31.0,38.6,3.5,10.3,34.7,10.3,
2023-10-09,Lunch,602.6,21.2,6.0,0.9,1.4,0.0,96.9,378.8,291.8,53.2,3.2,5.7,48.8,0.5,0.0,1.7,6.6,
2023-10-09,Snacks,342.0,14.0,1.1,0.0,0.0,0.0,0.0,950.0,0.0,43.8,1.8,15.9,3.9,0.0,0.0,0.0,0.0,
2023-10-10,Breakfast,856.2,26.7,10.9,1.2,1.9,0.0,127.5,705.3,384.0,89.2,2.8,36.8,62.6,0.6,0.0,2.3,8.7,
2023-10-11,Breakfast,717.4,17.8,8.9,1.1,3.0,0.0,99.4,197.9,270.8,90.1,3.1,14.1,48.5,0.4,0.1,2.7,9.1,
2023-10-12,Dinner,1000.0,0.0,0.0,0.0,0.0,0.0,0.0,0.0,0.0,0.0,0.0,0.0,0.0,0.0,0.0,0.0,0.0,
2023-10-13,Breakfast,639.0,28.2,9.3,0.0,0.0,0.0,0.0,1270.0,0.0,81.2,6.5,5.2,18.3,0.0,0.0,0.0,0.0,
2023-10-13,Lunch,260.0,16.0,12.0,0.0,0.0,0.0,0.0,40.0,0.0,26.5,1.5,23.0,3.0,0.0,0.0,0.0,0.0,
2023-10-16,Lunch,1017.0,31.1,5.4,0.0,0.0,0.0,0.0,2.0,0.0,140.5,0.0,1.8,43.4,0.0,0.0,0.0,0.0,
2023-12-31,Breakfast,175.0,3.5,2.5,0.0,0.0,0.0,0.0,0.0,0.0,16.1,0.0,15.4,20.0,0.0,0.0,0.0,0.0,
2024-01-02,Breakfast,347.0,13.2,5.6,0.0,0.0,0.0,0.0,67.4,0.0,49.9,0.5,5.8,5.4,0.0,0.0,0.0,0.0,
2024-01-03,Breakfast,226.0,2.4,1.4,0.0,0.0,0.0,0.0,0.0,0.0,5.4,1.6,2.8,46.0,0.0,0.0,0.0,0.0,
2024-01-03,Dinner,961.2,28.4,5.7,1.8,2.8,0.0,194.6,170.8,586.2,85.7,4.6,3.4,89.3,1.0,0.0,3.4,13.2,
2024-01-04,Dinner,899.2,25.1,8.5,2.2,3.6,0.0,244.8,213.8,737.3,62.4,0.0,1.6,96.1,1.2,0.0,4.3,16.6,
2024-01-04,Lunch,806.0,21.9,3.9,0.0,0.0,0.0,0.0,658.0,0.0,109.8,6.2,54.1,42.3,0.0,0.0,64.0,0.0,
2024-01-05,Dinner,367.4,17.2,11.0,0.0,0.0,0.0,0.0,787.0,0.0,29.5,0.5,11.7,23.8,0.0,0.0,34.0,0.0,
2024-01-05,Lunch,924.8,35.9,10.2,0.0,0.0,0.0,0.0,312.6,0.0,98.6,6.0,15.1,56.6,0.0,0.0,0.0,0.0,
2024-01-07,Breakfast,925.7,32.1,14.7,0.0,0.0,0.0,6.2,1593.2,8.8,105.9,2.5,28.9,53.9,0.6,0.0,41.8,0.4,
2024-01-07,Dinner,350.0,0.0,0.0,0.0,0.0,0.0,0.0,0.0,0.0,0.0,0.0,0.0,0.0,0.0,0.0,0.0,0.0,
2024-01-08,Breakfast,483.6,18.4,2.4,0.0,0.0,0.0,0.0,284.6,0.0,51.2,3.2,5.5,31.7,0.0,0.0,0.0,0.0,
2024-01-08,Dinner,889.7,20.8,6.5,1.3,2.0,0.0,140.3,482.1,422.4,36.7,1.7,0.2,61.6,0.7,0.0,19.5,9.5,
2024-01-08,Lunch,226.0,2.4,1.4,0.0,0.0,0.0,0.0,0.0,0.0,5.4,1.6,2.8,46.0,0.0,0.0,0.0,0.0,
2024-01-09,Breakfast,226.0,2.4,1.4,0.0,0.0,0.0,0.0,0.0,0.0,5.4,1.6,2.8,46.0,0.0,0.0,0.0,0.0,
2024-01-09,Dinner,893.8,23.2,4.0,0.0,0.0,0.0,0.0,2.4,0.0,96.6,8.5,2.2,73.5,0.0,0.0,0.0,0.0,
2024-01-09,Lunch,494.3,15.5,3.3,1.0,1.7,0.0,113.9,99.8,343.0,37.4,2.3,1.7,50.8,0.6,0.0,2.0,7.7,
2024-01-09,Snacks,190.0,12.4,6.5,0.0,0.0,0.0,0.0,720.0,0.0,9.7,0.4,0.3,10.2,0.0,0.0,34.0,0.0,
2024-01-10,Lunch,768.4,40.9,7.9,0.0,0.0,0.0,0.0,720.6,0.0,43.5,2.3,1.9,59.3,0.0,0.0,34.0,0.0,
2024-01-10,Snacks,745.8,14.3,3.6,1.2,1.9,0.0,131.7,350.7,396.8,86.0,5.6,5.6,68.5,0.7,0.0,2.3,9.0,
2024-01-11,Dinner,672.5,25.1,5.5,2.0,4.0,0.0,72.0,1080.6,657.0,82.7,9.4,7.9,42.0,384.0,33.0,4.0,10.0,
2024-01-11,Lunch,773.8,33.6,8.0,1.2,1.9,0.0,776.7,310.3,396.8,41.8,2.3,1.7,78.0,18.7,0.0,8.3,21.0,
2024-01-12,Breakfast,226.0,2.4,1.4,0.0,0.0,0.0,0.0,0.0,0.0,5.4,1.6,2.8,46.0,0.0,0.0,0.0,0.0,
2024-01-12,Dinner,802.0,20.4,2.9,1.3,2.7,0.0,108.8,600.1,223.3,114.4,7.8,4.9,42.6,16.0,24.0,0.8,20.8,
2024-01-12,Snacks,190.0,12.4,6.5,0.0,0.0,0.0,0.0,720.0,0.0,9.7,0.4,0.3,10.2,0.0,0.0,34.0,0.0,
2024-01-13,Dinner,865.8,25.6,5.3,2.2,3.5,0.0,238.0,207.2,716.8,55.7,2.6,0.0,100.6,1.2,0.0,4.2,16.2,
2024-01-13,Lunch,675.8,18.3,1.8,0.0,0.0,0.0,0.0,14.8,0.0,99.6,2.4,34.7,27.3,0.0,0.0,0.0,0.0,
2024-01-13,Snacks,234.0,8.1,5.6,0.0,0.0,0.0,0.0,360.0,0.0,16.2,0.0,15.5,24.4,0.0,0.0,17.0,0.0,
2024-01-14,Snacks,589.0,15.8,3.1,0.0,0.0,0.0,0.0,360.0,0.0,84.1,0.0,0.1,29.8,0.0,0.0,17.0,0.0,
2024-01-15,Breakfast,1403.9,40.9,14.4,3.2,5.8,0.0,516.5,1056.9,573.2,150.3,8.9,27.7,112.8,0.7,0.0,8.1,19.5,
2024-01-15,Dinner,48.2,3.6,2.5,0.0,0.0,0.0,10.6,192.0,15.0,0.5,0.0,0.0,3.8,1.1,0.0,13.3,0.6,
2024-01-15,Snacks,142.0,5.2,2.4,0.0,0.0,0.0,0.0,0.0,0.0,6.8,4.4,0.0,14.9,0.0,0.0,0.0,0.0,
2024-01-16,Breakfast,999.0,26.9,6.1,2.9,5.5,0.0,558.0,757.6,207.0,134.5,9.6,13.5,61.1,0.0,0.0,8.4,14.6,
2024-01-17,Breakfast,573.0,25.9,7.3,1.9,3.7,0.0,372.0,144.3,138.0,47.7,2.3,3.1,38.2,0.0,0.0,5.6,9.7,
2024-01-17,Dinner,775.5,30.4,12.2,0.0,0.0,0.0,0.0,0.6,0.0,91.0,10.6,6.8,40.0,0.0,0.0,34.0,0.0,
2024-01-17,Snacks,175.0,3.5,2.5,0.0,0.0,0.0,0.0,0.0,0.0,16.1,0.0,15.4,20.0,0.0,0.0,0.0,0.0,
2024-01-18,Lunch,1577.4,52.5,18.8,0.2,0.0,0.0,0.0,1210.8,144.8,200.8,6.5,32.7,78.0,0.6,80.5,35.4,2.3,
2024-01-20,Lunch,635.0,11.6,0.1,0.1,0.0,0.0,0.0,1.2,422.4,111.0,3.1,14.4,26.7,3.5,10.3,5.9,0.3,
2024-01-21,Lunch,591.5,32.3,8.9,2.9,5.5,0.0,558.0,573.0,207.0,36.9,1.5,0.7,39.8,0.0,0.0,25.4,14.6,
2024-01-22,Lunch,747.6,28.4,7.3,0.0,0.0,0.0,0.0,1000.0,0.0,90.2,7.3,6.2,39.8,0.0,30.0,0.0,0.0,
2024-01-23,Breakfast,492.0,16.2,5.2,2.9,5.5,0.0,558.0,757.6,207.0,59.9,5.7,7.3,31.0,0.0,0.0,8.4,14.6,
2024-01-23,Lunch,522.2,12.9,2.4,0.0,0.0,0.0,0.0,1.4,0.0,75.9,0.0,1.3,26.6,0.0,0.0,0.0,0.0,
2024-01-24,Breakfast,542.4,9.2,2.7,1.1,1.8,0.0,186.0,73.8,271.9,66.4,4.8,15.7,49.8,0.6,74.5,4.4,12.6,
2024-01-24,Dinner,593.6,30.9,13.6,0.0,0.0,0.0,0.0,59.0,0.0,24.4,1.7,4.9,55.9,0.0,0.0,0.0,0.0,
2024-01-25,Breakfast,1326.0,56.2,10.7,5.8,5.6,0.0,10.0,1337.2,74.4,166.2,6.8,31.1,46.8,34.3,48.0,1.7,2.1,
2024-01-25,Dinner,450.6,21.0,2.6,0.0,0.0,0.0,0.0,0.0,0.0,23.6,0.0,2.4,41.9,0.0,0.0,0.0,0.0,
2024-01-26,Breakfast,148.0,6.0,3.6,9.0,0.0,0.0,0.0,0.0,0.0,13.5,2.5,1.2,15.0,0.0,0.0,0.0,0.0,
2024-01-26,Lunch,220.0,10.3,6.0,0.0,0.0,0.0,0.0,0.2,0.0,17.4,1.2,4.0,13.0,0.0,25.0,0.0,0.0,
2024-01-27,Breakfast,351.9,4.7,2.5,0.1,0.0,0.0,0.0,68.0,361.6,51.8,3.1,30.2,27.0,4.3,14.6,0.5,1.5,
2024-01-29,Breakfast,612.0,23.1,5.7,0.0,0.0,0.0,0.0,967.0,0.0,78.6,4.5,9.8,24.6,0.0,0.0,0.0,0.0,
2024-01-29,Dinner,832.5,22.7,7.8,1.6,2.6,0.0,178.5,156.1,537.6,67.7,0.4,5.1,81.9,0.9,0.0,3.1,12.1,
2024-01-29,Snacks,294.0,6.1,3.2,0.0,0.0,0.0,0.0,0.1,0.0,32.3,0.0,20.8,26.0,0.0,0.0,0.0,0.0,
2024-01-30,Lunch,530.0,11.2,0.0,0.0,0.0,0.0,0.0,0.0,0.0,84.0,0.0,0.0,25.4,0.0,0.0,0.0,0.0,
2024-01-30,Snacks,82.5,0.5,0.3,0.0,0.0,0.0,0.0,0.0,0.0,19.0,0.4,0.0,0.6,0.0,0.0,0.0,0.0,
2024-01-31,Breakfast,530.0,11.2,0.0,0.0,0.0,0.0,0.0,0.0,0.0,84.0,0.0,0.0,25.4,0.0,0.0,0.0,0.0,
2024-01-31,Dinner,878.5,44.1,17.2,1.8,3.0,0.0,204.0,178.3,614.4,4.4,0.2,1.4,110.3,1.0,0.0,3.6,13.9,
2024-02-01,Breakfast,142.0,5.2,2.4,0.0,0.0,0.0,0.0,0.0,0.0,6.8,4.4,0.0,14.9,0.0,0.0,0.0,0.0,
2024-02-01,Dinner,448.7,11.1,3.4,1.8,3.2,0.0,164.9,263.0,575.0,20.1,4.0,1.8,63.8,0.8,0.0,4.3,16.1,
2024-02-01,Lunch,584.0,31.7,1.8,0.0,0.0,0.0,0.0,0.0,0.0,23.0,0.8,1.2,53.0,0.0,0.0,0.0,0.0,
2024-02-02,Breakfast,533.0,10.3,0.0,0.0,0.0,0.0,0.0,0.0,0.0,85.3,1.2,11.1,25.6,0.0,0.0,0.0,0.0,
2024-02-02,Dinner,644.0,30.0,2.0,5.8,5.6,0.0,0.0,286.4,63.4,58.1,0.4,1.9,33.9,34.3,17.9,0.4,2.0,
2024-02-02,Lunch,458.0,29.0,1.4,0.0,0.0,0.0,0.0,720.0,0.0,22.4,0.8,2.0,28.0,0.0,0.0,0.0,0.0,
2024-02-03,Breakfast,478.8,25.6,1.5,0.0,0.0,0.0,20.0,100.0,0.0,27.5,0.0,0.0,31.9,0.0,0.0,0.0,0.0,
2024-02-04,Lunch,1250.0,49.4,4.7,0.0,0.0,0.0,30.0,150.0,0.0,116.5,4.4,0.0,79.3,0.0,0.0,0.0,0.0,
2024-02-05,Breakfast,468.0,14.7,4.7,2.9,5.5,0.0,558.0,213.0,207.0,56.2,0.0,0.6,24.1,0.0,0.0,8.4,14.6,
2024-02-06,Breakfast,515.3,10.2,0.0,0.0,0.0,0.0,0.0,0.1,0.2,81.4,0.0,8.4,25.1,0.0,0.0,0.0,0.0,
2024-02-06,Lunch,923.0,9.4,4.8,0.0,0.0,0.0,0.0,96.0,0.0,29.2,1.4,14.6,2.4,0.0,0.0,0.0,0.0,
2024-02-07,Lunch,1004.8,44.4,8.7,0.0,0.0,0.0,0.0,1582.4,77.8,104.8,0.0,5.2,61.4,1.5,0.0,7.5,0.0,
2024-02-08,Breakfast,142.0,5.2,2.4,0.0,0.0,0.0,0.0,0.0,0.0,6.8,4.4,0.0,14.9,0.0,0.0,0.0,0.0,
2024-02-08,Lunch,1770.6,43.3,6.3,2.3,1.7,0.0,14.4,2216.1,268.8,242.4,16.9,39.5,107.1,1.5,0.6,13.3,6.6,
2024-02-09,Breakfast,494.0,30.6,1.6,0.0,0.0,0.0,0.0,0.0,0.0,27.2,1.0,1.3,28.7,0.0,0.0,0.0,0.0,
2024-02-12,Lunch,483.0,16.2,2.1,0.0,0.0,0.0,0.0,0.0,0.0,61.1,0.1,6.1,21.4,0.0,0.0,0.0,0.0,
2024-02-20,Lunch,220.0,1.5,0.3,0.0,0.0,0.0,0.0,0.0,0.0,16.2,0.0,0.0,35.0,0.0,0.0,0.0,0.0,
2024-02-22,Breakfast,692.8,27.8,8.0,2.9,5.5,0.0,558.0,218.8,207.0,71.4,4.4,30.2,42.3,0.0,0.0,8.4,14.6,
2024-02-22,Dinner,583.5,26.4,2.3,0.0,0.0,0.0,30.0,150.0,0.0,55.1,0.0,0.0,27.0,0.0,0.0,0.0,0.0,
2024-02-28,Dinner,763.5,37.4,2.3,0.0,0.0,0.0,30.0,150.0,0.0,55.1,0.0,0.0,47.2,0.0,0.0,0.0,0.0,
2024-03-01,Lunch,847.0,27.9,4.6,0.0,0.0,0.0,30.0,150.0,0.0,72.4,1.7,0.4,75.1,0.0,0.0,0.0,0.0,
2024-03-05,Lunch,1394.1,61.2,4.5,0.0,0.0,0.0,40.0,200.0,0.0,80.9,3.0,0.0,121.6,0.0,0.0,0.0,0.0,
2024-03-06,Lunch,504.1,31.2,8.5,4.3,12.8,0.0,558.0,218.6,570.8,32.5,5.0,1.7,23.0,5.3,7.5,17.4,15.0,
2024-03-11,Lunch,604.0,30.1,10.5,3.8,7.3,0.0,744.0,284.5,276.0,48.2,0.0,1.9,30.2,0.0,0.0,11.2,19.4,
2024-03-12,Breakfast,605.8,28.5,8.6,6.7,10.4,0.0,930.0,531.3,348.6,36.5,3.3,13.1,51.3,0.0,0.0,14.4,24.3,
2024-03-12,Dinner,1052.4,22.1,4.1,1.6,2.6,0.0,175.9,172.3,529.9,92.7,2.6,2.0,117.6,0.9,0.0,3.1,12.0,
2024-03-12,Snacks,109.5,4.2,1.9,0.0,0.0,0.0,0.0,0.0,0.0,11.9,3.5,1.0,10.6,0.0,0.0,0.0,0.0,
2024-03-13,Breakfast,540.5,25.0,8.5,4.8,9.1,0.0,930.0,355.0,345.0,20.5,0.8,2.3,54.9,0.0,0.0,14.0,24.3,
2024-03-13,Dinner,931.8,18.4,2.3,2.1,4.6,0.0,178.5,167.0,1112.1,109.0,6.8,18.0,78.6,13.3,478.0,10.7,17.1,
2024-03-13,Snacks,410.0,16.7,8.0,0.0,0.0,0.0,0.0,0.0,0.0,49.7,7.0,16.9,23.1,0.0,0.0,0.0,0.0,
2024-03-14,Breakfast,1059.4,29.7,5.2,2.5,10.8,0.0,110.5,105.6,974.1,117.0,7.1,13.3,76.2,18.2,298.7,13.3,10.9,
2024-03-14,Dinner,698.0,16.4,1.8,1.4,2.2,0.0,153.0,133.2,460.8,69.2,0.0,0.0,62.3,0.8,0.0,2.7,10.4,
2024-03-15,Breakfast,705.0,14.7,0.0,0.0,0.0,0.0,0.0,0.0,0.0,100.1,0.0,15.4,45.4,0.0,0.0,0.0,0.0,
2024-03-15,Dinner,361.0,9.2,0.0,0.0,0.0,0.0,0.0,0.0,0.0,57.8,11.3,1.9,22.6,0.0,0.0,0.0,0.0,
2024-03-16,Breakfast,493.0,20.3,6.3,3.8,7.3,0.0,744.0,284.0,276.0,35.6,0.0,15.7,31.2,0.0,0.0,11.2,19.4,
2024-03-16,Dinner,1000.0,0.0,0.0,0.0,0.0,0.0,0.0,0.0,0.0,0.0,0.0,0.0,0.0,0.0,0.0,0.0,0.0,
2024-03-17,Breakfast,338.0,11.2,3.2,1.9,3.7,0.0,382.0,182.0,398.0,28.2,0.9,6.7,28.8,0.0,0.0,20.6,9.7,
2024-03-17,Dinner,1160.4,37.3,11.7,1.5,2.4,0.0,169.7,462.4,940.3,96.5,4.7,14.9,107.0,9.2,0.0,45.0,11.4,
2024-03-17,Snacks,221.0,9.2,0.0,0.0,0.0,0.0,0.0,0.0,0.0,25.8,11.3,1.9,21.6,0.0,0.0,0.0,0.0,
2024-03-18,Breakfast,1845.8,88.6,18.3,4.8,18.3,0.2,582.0,942.5,1003.3,129.5,7.4,13.8,126.2,28.9,7.5,78.3,15.7,
2024-03-19,Breakfast,639.5,28.9,12.4,2.9,5.5,0.0,558.0,317.2,611.8,36.0,5.7,14.2,56.5,7.8,0.0,47.4,14.6,
2024-03-19,Dinner,955.7,48.7,9.5,0.5,3.5,0.5,67.0,881.8,105.4,56.5,0.0,5.9,69.2,31.7,0.0,45.9,3.7,
2024-03-20,Breakfast,324.5,15.8,5.0,2.9,5.5,0.0,558.0,213.2,207.0,18.5,3.3,2.0,23.7,0.0,0.0,8.4,14.6,
2024-03-20,Dinner,1438.2,44.8,14.0,0.1,0.9,0.0,116.3,342.9,518.1,151.3,2.4,9.5,105.0,3.0,0.0,24.9,0.7,
2024-03-21,Breakfast,324.5,15.8,5.0,2.9,5.5,0.0,558.0,213.2,207.0,18.5,3.3,2.0,23.7,0.0,0.0,8.4,14.6,
2024-03-21,Dinner,1053.5,8.1,36.3,0.0,0.0,0.0,375.0,1000.3,1003.6,271.3,7.8,48.4,152.0,0.0,0.0,15.4,60.0,
2024-03-22,Breakfast,487.1,16.7,1.4,3.8,2.6,0.0,0.0,0.0,0.0,40.9,0.0,0.0,43.6,0.0,0.0,0.0,0.0,
2024-03-22,Dinner,1215.5,16.1,32.4,0.0,0.0,0.0,262.5,629.0,1104.8,176.3,6.6,22.4,128.3,7.8,0.0,49.5,42.0,
2024-03-23,Breakfast,480.0,27.7,10.2,6.0,9.4,0.0,577.3,270.9,209.2,28.4,0.0,0.6,26.3,0.0,0.0,8.6,14.6,
2024-03-24,Breakfast,487.1,16.7,1.4,3.8,2.6,0.0,0.0,0.0,0.0,40.9,0.0,0.0,43.6,0.0,0.0,0.0,0.0,
2024-03-25,Breakfast,572.0,24.8,10.9,3.8,5.0,0.0,372.0,246.0,542.8,35.8,2.4,12.6,50.3,7.8,0.0,44.6,9.7,
2024-04-13,Lunch,295.0,11.2,7.2,0.0,0.0,0.0,0.0,104.0,404.8,16.9,2.4,12.2,32.8,7.8,0.0,39.0,0.0,
2024-04-16,Breakfast,591.5,29.3,9.0,3.8,7.3,0.0,744.0,442.1,404.6,42.3,1.3,9.0,37.5,2.4,0.0,23.4,19.5,
2024-04-16,Dinner,1248.4,45.6,7.4,0.0,0.0,0.0,0.0,1152.7,238.8,148.8,11.1,35.0,64.3,0.0,5.8,1.3,1.7,
2024-04-16,Snacks,20.0,0.1,0.0,0.0,0.0,0.0,0.0,0.0,0.0,0.1,0.0,0.0,0.1,0.0,0.0,0.0,0.0,
2024-04-17,Dinner,314.8,14.0,3.6,0.4,1.6,0.0,2.4,8.9,50.5,29.6,1.4,6.6,15.9,0.0,0.1,2.1,1.9,
2024-04-17,Lunch,919.3,48.3,0.0,0.0,0.0,0.0,0.0,4.0,0.0,61.8,0.0,2.7,71.9,0.0,0.0,0.0,0.0,
2024-04-17,Snacks,233.2,1.9,0.5,0.0,0.0,0.0,0.0,0.0,0.0,36.1,3.5,16.9,20.4,0.0,0.0,0.0,0.0,
2024-04-18,Breakfast,321.0,12.6,8.1,0.0,0.0,0.0,0.0,120.0,467.1,18.8,2.4,14.1,34.2,9.0,0.0,45.0,0.0,
2024-04-19,Breakfast,824.0,27.9,3.2,0.0,0.0,0.0,0.0,508.0,0.0,36.3,4.7,3.4,11.3,0.0,0.0,0.0,0.0,
2024-04-19,Lunch,387.0,12.0,1.5,0.0,0.0,0.0,0.0,0.0,0.0,48.3,0.0,5.9,19.5,0.0,0.0,0.0,0.0,
2024-04-20,Dinner,346.0,20.6,0.0,0.0,0.0,0.0,0.0,0.0,0.0,0.0,0.0,0.0,40.6,0.0,0.0,0.0,0.0,
2024-04-20,Lunch,931.6,37.4,5.0,0.0,0.0,0.0,0.0,390.0,0.0,120.0,9.6,20.2,30.3,0.0,0.0,0.0,0.0,
2024-04-20,Snacks,242.0,11.0,7.3,0.0,0.0,0.0,0.0,128.0,0.0,24.0,0.0,2.3,20.0,0.0,0.0,0.0,0.0,
2024-04-21,Breakfast,544.2,34.6,4.4,0.5,11.7,0.0,260.0,84.0,210.0,2.9,0.0,0.1,55.5,0.0,3.3,0.7,557.7,
2024-04-21,Dinner,946.7,26.3,11.9,1.6,2.6,0.0,178.5,342.7,537.6,81.7,2.5,9.4,91.0,0.9,0.0,3.1,12.1,
2024-04-21,Snacks,242.0,11.0,7.3,0.0,0.0,0.0,0.0,128.0,0.0,24.0,0.0,2.3,20.0,0.0,0.0,0.0,0.0,
2024-04-22,Breakfast,917.7,39.0,18.2,3.4,7.2,0.2,604.0,1267.8,1017.1,80.7,4.4,50.1,62.4,26.8,52.7,79.6,19.0,
2024-04-22,Dinner,1209.9,46.9,9.3,5.5,6.6,0.0,120.0,416.4,815.4,134.1,1.7,17.8,56.6,34.3,17.9,0.4,2.0,
2024-04-23,Breakfast,783.9,33.0,14.6,3.2,7.2,0.2,604.0,1143.9,284.7,59.3,2.4,31.6,62.6,15.8,0.0,80.3,17.5,
2024-04-23,Dinner,984.9,24.2,5.9,1.3,2.0,0.0,140.3,122.1,422.4,68.8,7.8,25.4,60.4,0.7,0.0,2.5,9.5,
2024-04-23,Snacks,331.5,16.4,10.8,0.0,0.0,0.0,0.0,1260.0,0.0,31.1,3.0,28.2,16.7,0.0,0.0,59.5,0.0,
2024-04-24,Breakfast,783.9,33.0,14.6,3.2,7.2,0.2,604.0,1143.9,284.7,59.3,2.4,31.6,62.6,15.8,0.0,80.3,17.5,
2024-04-24,Dinner,990.6,45.0,0.2,0.0,0.0,0.0,0.0,90.0,1187.5,58.2,10.4,19.5,92.0,960.0,82.5,10.0,10.0,
2024-04-24,Snacks,69.0,4.4,2.0,0.4,1.6,0.0,2.4,8.3,50.5,6.6,0.5,5.4,1.1,0.0,0.1,2.1,1.9,
2024-04-25,Breakfast,790.1,28.0,12.9,1.3,3.5,0.2,232.0,2006.1,146.7,60.5,2.4,32.7,74.5,15.8,0.0,74.7,7.8,
2024-04-25,Dinner,613.0,15.0,4.0,1.2,1.9,0.0,131.7,121.9,396.8,51.9,8.2,11.8,67.9,0.7,0.0,2.3,9.0,
2024-04-25,Lunch,144.9,2.8,1.6,0.0,0.0,0.0,0.0,138.0,0.0,23.0,0.0,23.0,6.9,0.0,0.0,0.0,0.0,
2024-04-26,Breakfast,592.9,27.3,12.1,1.5,5.3,0.5,253.0,2357.0,174.4,41.8,0.0,18.1,43.5,31.7,0.0,48.7,8.6,
2024-04-26,Lunch,289.6,9.6,5.3,0.0,0.0,0.0,0.0,0.5,0.0,32.2,1.8,13.2,24.2,0.0,0.0,0.0,0.0,
2024-04-27,Breakfast,1746.6,53.9,10.0,1.9,3.7,0.0,372.0,1702.7,138.0,220.2,1.3,31.5,84.2,0.0,0.0,22.6,9.7,
2024-04-28,Dinner,736.1,27.5,3.4,2.0,2.9,0.0,131.7,115.0,400.4,58.4,5.3,13.6,64.1,0.7,0.0,2.7,9.0,
2024-04-28,Lunch,974.4,43.2,15.7,2.2,5.4,0.2,418.0,1564.9,215.7,76.6,8.3,38.7,72.5,15.8,0.0,77.5,12.6,
2024-04-28,Snacks,280.0,10.3,6.7,0.0,0.0,0.0,0.0,424.0,0.0,36.7,2.4,23.4,15.4,0.0,0.0,17.0,0.0,
2024-04-29,Breakfast,574.9,19.6,1.6,0.0,0.0,0.0,0.0,138.0,0.0,48.0,0.0,23.0,50.5,0.0,0.0,0.0,0.0,
2024-04-29,Snacks,100.0,0.2,0.0,0.0,0.0,0.0,0.0,0.0,0.0,24.6,2.4,22.2,1.0,0.0,0.0,0.0,0.0,
2024-04-30,Dinner,614.2,21.9,4.9,1.2,2.0,0.0,136.0,123.6,409.6,37.1,3.8,7.3,65.6,0.7,0.0,2.4,9.2,
2024-05-01,Breakfast,519.8,16.5,2.8,1.0,1.6,0.0,110.5,596.5,336.4,43.8,2.5,9.3,48.0,0.5,0.0,2.4,7.5,
2024-05-01,Dinner,588.0,21.1,0.0,0.0,0.0,0.0,0.0,69.2,1352.5,55.2,7.4,12.6,46.5,652.8,56.1,6.8,6.8,
2024-05-01,Lunch,274.0,7.2,4.6,0.0,0.0,0.0,0.0,0.0,0.0,19.7,2.4,15.0,34.8,0.0,0.0,48.0,0.0,
2024-05-01,Snacks,186.0,6.0,3.0,0.0,0.0,0.0,0.0,0.0,0.0,28.9,1.3,1.9,4.7,0.0,0.0,0.0,0.0,
2024-05-02,Breakfast,498.5,16.5,2.8,1.0,1.6,0.0,110.5,596.2,332.8,38.0,2.5,3.6,48.0,0.5,0.0,2.0,7.5,
2024-05-02,Dinner,745.7,33.5,7.1,2.9,11.7,0.0,286.3,221.3,69.0,55.5,0.0,0.2,47.1,0.0,0.0,2.8,28.0,
2024-05-02,Snacks,570.0,15.6,6.7,0.0,0.0,0.0,14.0,172.6,406.0,73.1,10.8,40.2,45.2,14.0,0.0,69.0,8.4,
2024-05-03,Lunch,472.3,22.3,6.4,5.2,8.7,0.0,680.8,259.9,252.5,38.0,0.0,0.7,26.5,0.0,0.0,10.2,17.8,
2024-05-03,Snacks,396.0,13.9,9.3,0.0,0.0,0.0,0.0,1080.0,0.0,12.6,1.2,11.4,13.7,0.0,0.0,51.0,0.0,
2024-05-04,Breakfast,137.2,0.7,0.2,0.1,0.0,0.0,0.0,1.0,97.5,19.9,1.6,16.0,13.3,0.0,55.1,1.0,1.5,
2024-05-05,Breakfast,86.0,0.2,0.1,0.0,0.0,0.0,0.0,0.0,0.0,1.6,0.4,0.1,20.0,0.0,0.0,0.0,0.0,
2024-05-05,Dinner,600.2,12.8,2.5,1.2,1.9,0.0,131.7,121.5,396.8,49.3,4.3,7.6,68.6,0.7,0.0,2.3,9.0,
2024-05-05,Lunch,700.0,0.0,0.0,0.0,0.0,0.0,0.0,0.0,0.0,0.0,0.0,0.0,0.0,0.0,0.0,0.0,0.0,
2024-05-05,Snacks,251.0,5.2,2.6,0.0,0.0,0.0,0.0,273.0,0.0,49.5,1.5,8.8,1.7,0.0,0.0,0.0,0.0,
2024-05-06,Breakfast,665.9,12.1,2.8,1.8,5.4,0.0,144.5,127.0,435.2,51.5,0.4,0.8,82.2,0.7,0.0,2.5,9.9,
2024-05-06,Dinner,448.1,16.7,6.1,0.4,3.8,0.3,93.0,229.5,411.2,36.2,2.5,2.9,40.1,0.0,0.0,0.2,17.8,
2024-05-06,Snacks,684.5,31.1,15.5,0.0,0.0,0.2,18.0,1477.3,0.0,75.7,7.6,54.5,30.1,0.0,0.0,59.5,0.0,
2024-05-07,Breakfast,536.0,17.2,2.3,0.0,0.0,0.0,0.0,750.0,0.0,39.2,2.5,4.1,57.8,0.0,0.0,0.0,0.0,
2024-05-07,Dinner,695.9,23.0,3.2,1.3,2.0,0.0,140.3,388.1,1372.4,60.3,13.0,19.0,62.5,768.7,66.0,10.5,17.5,
2024-05-07,Snacks,618.0,28.8,16.7,0.0,0.0,0.0,0.0,100.0,0.0,64.0,2.8,24.1,28.1,0.0,0.0,0.0,0.0,
2024-05-08,Breakfast,670.4,25.5,8.5,0.0,0.0,0.0,21.0,714.0,0.0,72.5,1.6,17.2,36.6,0.0,0.0,0.0,0.0,
2024-05-08,Dinner,908.3,53.2,17.2,3.8,23.7,0.6,193.8,1049.0,785.1,49.9,3.5,3.8,72.6,0.0,0.0,0.5,34.0,
2024-05-08,Snacks,320.0,8.6,0.1,0.0,0.0,0.0,0.0,0.0,0.0,37.6,0.4,21.1,23.0,0.0,0.0,0.0,0.0,
2024-05-09,Breakfast,638.0,20.2,3.7,0.0,0.0,0.0,0.0,1550.0,0.0,62.9,3.5,5.2,64.2,0.0,0.0,0.0,0.0,
2024-05-09,Snacks,1255.3,69.8,17.0,8.2,28.1,0.4,60.8,412.8,291.7,97.3,3.3,36.5,57.9,0.4,5.0,9.6,22.3,
2024-05-10,Breakfast,579.7,44.6,12.6,7.4,19.8,0.0,0.0,48.5,0.0,2.6,0.7,0.6,42.9,0.0,0.0,0.0,0.0,
2024-05-10,Dinner,635.9,17.2,5.5,1.5,3.4,0.2,163.3,331.0,449.0,50.4,2.8,5.9,67.9,0.7,0.0,18.5,9.5,
2024-05-10,Snacks,408.0,15.4,6.7,0.0,0.0,0.0,0.0,100.0,0.0,44.6,0.4,27.1,23.7,0.0,0.0,0.0,0.0,
2024-05-13,Breakfast,509.9,25.8,10.0,3.2,7.2,0.2,604.0,1143.9,284.7,39.6,0.0,16.6,27.8,15.8,0.0,32.3,17.5,
2024-05-13,Dinner,799.8,25.1,4.3,7.7,9.7,0.0,153.0,134.0,471.7,77.0,0.0,17.2,62.2,0.8,0.1,4.0,10.5,
2024-05-13,Snacks,508.7,14.2,3.9,0.0,0.0,0.0,0.0,502.5,0.0,52.4,3.8,11.5,46.2,0.0,0.0,0.0,0.0,
2024-05-14,Breakfast,564.4,29.4,12.7,3.0,6.4,0.0,567.7,925.2,208.1,40.7,0.3,11.5,31.5,0.0,0.0,25.5,14.6,
2024-05-15,Breakfast,184.4,9.6,2.9,0.1,0.8,0.1,16.9,371.9,27.5,16.7,0.4,1.9,8.0,7.1,0.0,10.5,1.0,
2024-05-15,Dinner,965.6,31.2,7.9,3.0,6.4,0.0,567.7,241.9,208.1,119.0,0.0,9.3,43.7,0.0,0.0,8.5,14.6,
2024-05-15,Lunch,726.3,30.6,5.0,2.2,7.9,0.0,152.5,791.3,434.0,54.4,1.1,6.5,55.2,0.6,0.0,4.3,10.9,
2024-05-15,Snacks,110.0,0.2,0.0,0.0,0.0,0.0,0.0,0.0,0.0,26.8,1.2,24.4,0.6,0.0,0.0,0.0,0.0,
2024-05-16,Breakfast,517.4,25.7,6.5,4.4,12.8,0.0,558.0,231.7,694.4,33.6,7.5,23.1,41.0,5.9,82.1,19.4,16.8,
2024-05-16,Dinner,1458.0,79.1,32.1,1.4,8.4,0.5,57.5,264.4,66.5,88.7,4.4,22.8,100.7,0.0,0.0,40.0,0.0,
2024-05-16,Snacks,119.0,4.7,3.1,0.0,0.0,0.0,0.0,360.0,0.0,14.6,0.0,13.4,4.5,0.0,0.0,17.0,0.0,
2024-05-17,Lunch,948.0,50.3,5.0,0.0,0.0,0.0,0.0,2310.0,0.0,90.6,0.0,6.3,34.5,0.0,10.0,2.0,4.0,
2024-05-18,Dinner,895.3,29.7,5.2,9.2,11.7,0.0,187.0,164.1,579.6,79.0,0.1,25.9,73.7,0.9,0.2,5.2,12.8,
2024-05-19,Breakfast,202.0,13.9,9.3,0.0,0.0,0.0,0.0,1080.0,0.0,6.4,0.6,5.8,13.5,0.0,0.0,51.0,0.0,
2024-05-19,Lunch,698.6,35.1,2.5,0.0,0.0,0.0,0.0,520.6,0.0,71.7,5.2,2.8,33.1,0.0,0.0,0.0,0.0,
2024-05-20,Breakfast,425.0,10.2,1.7,0.0,0.0,0.0,0.0,323.0,425.0,56.1,10.2,11.9,34.0,0.0,0.0,18.7,61.4,
2024-05-20,Lunch,664.0,20.1,2.8,0.0,0.0,0.0,0.0,3580.0,0.0,93.5,5.3,12.2,29.8,0.0,0.0,0.0,0.0,
2024-05-21,Lunch,832.0,31.1,0.0,0.0,0.0,0.0,0.0,0.0,0.0,98.8,0.0,0.7,35.1,0.0,0.0,0.0,0.0,
2024-05-25,Dinner,407.2,22.6,5.9,3.4,10.0,0.0,270.1,706.8,552.8,0.0,0.0,0.0,50.9,0.0,0.0,2.7,11.4,
2024-05-28,Lunch,905.2,33.4,7.2,1.3,2.1,0.0,142.8,874.7,430.1,80.0,3.0,20.8,69.3,0.7,0.0,2.5,9.7,
2024-05-29,Breakfast,502.7,19.7,2.7,0.7,4.9,0.0,0.0,500.1,0.1,38.0,2.5,3.6,45.2,0.0,0.0,0.0,0.2,
2024-05-30,Lunch,696.6,32.9,3.4,0.0,0.0,0.0,18.0,133.7,709.5,22.9,0.6,22.1,78.0,4.5,0.0,50.0,0.2,
2024-05-30,Snacks,193.0,9.4,6.2,0.0,0.0,0.0,0.0,720.0,0.0,18.6,1.8,16.8,9.6,0.0,0.0,34.0,0.0,
2024-06-26,Lunch,578.7,24.9,5.8,1.9,5.6,0.0,151.0,396.6,309.2,45.4,4.8,14.0,45.4,0.0,0.0,1.5,6.4,
2024-07-03,Breakfast,609.0,26.2,11.5,0.0,0.0,0.0,0.0,120.7,467.1,77.3,3.2,42.1,17.4,9.0,0.0,45.0,0.0,
2024-07-03,Dinner,424.2,14.3,3.6,0.0,0.0,0.0,0.0,172.2,0.0,55.0,0.0,4.2,18.5,0.0,0.0,0.0,0.0,
2024-07-04,Breakfast,511.3,20.8,5.3,0.0,0.0,0.0,0.0,69.7,272.7,56.4,1.4,29.9,8.6,5.1,0.0,26.0,0.2,
2024-08-05,Lunch,551.3,26.9,11.2,0.0,0.0,0.0,0.0,979.0,0.0,43.1,1.4,2.5,34.0,0.0,0.0,48.0,0.0,
2024-08-07,Lunch,309.8,13.6,5.4,0.0,0.0,0.0,0.0,650.0,0.0,19.4,1.4,2.5,27.6,0.0,0.0,32.0,0.0,
2024-08-15,Breakfast,456.5,24.3,13.8,0.0,0.0,0.0,0.0,0.3,0.0,46.1,3.2,18.9,15.5,0.0,0.0,0.0,0.0,
2024-08-16,Lunch,391.4,19.6,7.3,0.0,0.0,0.0,0.0,975.6,0.0,19.8,1.4,2.9,34.0,0.0,0.0,32.0,0.0,
2024-08-20,Lunch,600.0,28.3,6.4,4.8,7.4,0.0,558.0,279.3,210.6,54.6,0.0,6.3,30.8,0.0,0.0,8.8,14.6,
2024-08-21,Lunch,449.0,19.7,2.2,0.0,0.0,0.0,0.0,0.0,0.0,41.0,0.0,0.0,24.2,0.0,0.0,0.0,0.0,
2024-09-09,Lunch,653.0,19.6,5.2,0.0,0.0,0.0,0.0,0.0,0.0,87.6,7.9,36.5,35.4,0.0,0.0,0.0,0.0,
2024-09-10,Breakfast,1194.3,66.3,16.1,1.9,3.7,0.0,479.5,1702.0,138.0,105.1,3.1,13.3,46.1,4.6,0.0,5.6,23.5,
2024-09-10,Dinner,407.0,11.5,2.4,0.9,1.5,0.1,102.0,376.8,307.2,26.2,0.0,2.9,45.0,0.5,0.0,1.8,6.9,
2024-09-10,Lunch,86.0,0.2,0.1,0.0,0.0,0.0,0.0,0.0,0.0,1.6,0.4,0.1,20.0,0.0,0.0,0.0,0.0,
2024-09-11,Breakfast,826.0,29.5,4.5,0.0,0.0,0.0,4.5,510.0,0.0,103.9,15.8,25.6,41.8,10.0,0.0,30.0,70.0,
2024-09-11,Dinner,613.3,16.9,2.9,1.1,1.8,0.2,125.8,510.5,378.9,54.9,0.0,0.4,54.3,0.6,0.0,2.2,8.6,
2024-09-11,Lunch,159.6,0.3,0.0,0.0,0.0,0.0,14.0,57.5,739.0,25.5,2.4,23.1,15.9,114.2,52.5,22.3,5.4,
2024-09-12,Breakfast,843.0,28.8,3.0,0.0,0.0,0.0,0.0,390.0,0.0,112.7,9.8,14.6,38.8,0.0,0.0,0.0,0.0,
2024-09-12,Dinner,854.6,57.9,8.7,2.1,14.8,0.1,0.0,152.4,0.2,42.7,1.7,0.2,42.3,0.0,0.0,0.0,0.6,
2024-09-13,Dinner,870.0,46.3,13.8,5.2,18.5,0.0,303.4,1463.3,984.7,49.0,6.7,0.8,67.6,5.3,7.5,12.1,13.2,
2024-09-13,Lunch,751.0,30.1,3.0,0.0,0.0,0.0,0.0,0.0,0.0,86.7,0.0,0.9,28.7,0.0,0.0,0.0,0.0,
2024-09-13,Snacks,256.0,9.0,5.8,0.0,0.0,0.0,0.0,80.0,311.4,14.1,2.4,9.4,30.8,6.0,0.0,30.0,0.0,
2024-09-15,Dinner,596.4,17.0,5.5,1.3,2.0,0.0,138.5,570.6,417.3,47.1,2.0,9.5,61.2,0.7,0.0,2.4,9.4,
2024-09-15,Lunch,767.0,25.5,4.8,0.0,0.0,0.0,0.0,0.8,0.0,93.9,3.7,6.5,40.4,0.0,0.0,108.0,0.0,
2024-09-16,Dinner,920.2,35.0,9.0,1.4,10.3,0.4,122.0,150.1,510.0,79.8,0.0,0.0,61.8,0.0,0.0,0.3,22.3,
2024-09-16,Lunch,696.3,43.0,11.6,3.8,7.3,0.2,744.0,560.0,276.0,18.0,3.4,2.3,28.7,0.0,6.0,13.2,23.4,
2024-09-16,Snacks,86.0,0.2,0.1,0.0,0.0,0.0,0.0,0.0,0.0,1.6,0.4,0.1,20.0,0.0,0.0,0.0,0.0,
2024-09-17,Dinner,966.5,31.5,11.9,1.4,2.3,0.0,159.8,1082.9,865.9,91.9,9.9,32.7,81.0,8.0,0.1,40.1,11.0,
2024-09-17,Lunch,675.2,35.6,9.3,3.8,7.3,0.2,744.0,560.0,276.0,35.4,1.5,1.5,37.0,0.0,2.7,12.1,21.2,
2024-09-18,Breakfast,105.0,3.5,3.5,0.0,0.0,0.0,0.0,245.0,0.0,19.3,1.8,10.5,1.8,0.0,0.0,0.0,0.0,
2024-09-18,Dinner,699.3,23.1,7.0,1.0,1.6,0.1,110.5,573.2,332.8,72.7,6.1,1.1,50.3,0.5,2.7,2.9,9.3,
2024-09-18,Lunch,934.4,48.9,7.0,2.8,8.0,0.0,217.6,1319.8,449.0,43.4,0.0,8.0,46.2,0.0,0.0,2.6,9.2,
2024-09-19,Breakfast,424.5,11.6,7.2,0.0,0.0,0.0,0.0,100.0,389.3,46.3,6.2,13.4,37.0,7.5,0.0,37.5,0.0,
2024-09-19,Lunch,403.1,12.8,3.8,0.0,0.0,0.0,0.0,250.0,0.0,34.2,1.5,11.6,37.5,0.0,2.7,35.9,1.8,
2024-09-21,Breakfast,1031.1,50.8,11.8,0.0,0.0,0.0,100.0,1904.2,0.0,109.8,6.9,3.1,37.7,1.0,0.0,7.5,5.0,
2024-09-21,Lunch,666.0,42.0,0.0,0.0,0.0,0.0,0.0,0.0,0.0,40.0,0.0,0.0,30.0,0.0,0.0,0.0,0.0,
2024-09-25,Breakfast,578.0,20.0,8.0,0.0,0.0,0.0,0.0,218.0,0.0,62.2,3.3,7.7,38.2,0.0,0.0,108.0,0.0,
2024-09-25,Lunch,505.2,17.8,3.2,0.0,0.0,0.1,0.0,638.0,0.0,49.6,1.4,1.6,36.1,0.0,2.4,0.8,1.6,
2024-09-25,Snacks,152.8,7.2,4.6,0.0,0.0,0.0,0.0,81.7,319.4,15.3,0.0,15.2,6.8,6.0,0.0,30.5,0.2,
2024-10-02,Breakfast,796.5,33.5,0.0,0.0,0.0,0.0,0.0,0.0,0.2,72.3,0.0,200.0,47.6,0.0,0.0,0.0,0.0,
2024-10-03,Lunch,1102.5,43.7,6.6,1.4,2.2,0.0,153.0,454.3,460.8,99.5,9.0,25.0,76.2,0.8,2.4,3.5,12.0,
2024-10-08,Breakfast,606.8,18.8,0.8,0.0,0.0,0.0,0.0,820.0,0.0,70.7,0.0,9.3,36.7,0.0,0.0,0.0,0.0,
2024-10-22,Lunch,925.1,28.8,10.2,0.9,9.6,0.8,123.8,319.1,624.9,103.3,0.0,0.3,61.6,0.2,0.0,1.0,25.7,
2024-11-06,Lunch,440.7,19.4,3.3,0.0,0.0,0.0,0.0,541.6,0.0,26.1,3.1,3.2,38.2,0.0,0.0,0.0,0.0,
2024-11-06,Snacks,128.0,7.0,4.0,0.0,0.0,0.0,3.0,42.0,0.0,15.0,1.0,10.0,1.0,0.0,0.0,0.0,0.0,
2024-12-16,Breakfast,620.5,26.1,3.7,0.0,0.0,0.0,0.0,0.2,0.0,67.1,6.2,3.2,31.7,0.0,2.4,0.8,1.6,
2024-12-16,Dinner,720.1,33.5,8.2,1.5,4.5,0.0,287.4,411.7,248.9,56.5,1.7,0.1,49.9,7.1,3.5,4.7,15.7,
2025-01-08,Breakfast,862.6,34.5,6.9,1.5,2.5,0.0,170.0,644.3,512.0,59.9,2.8,19.2,75.9,0.8,0.0,3.0,11.6,
2025-01-08,Dinner,876.9,41.3,19.8,0.0,0.0,0.0,0.0,6.0,0.0,75.4,4.7,5.5,52.1,0.0,2.4,0.8,1.6,
2025-01-08,Snacks,190.0,6.4,3.1,0.0,0.0,0.0,0.0,0.0,0.0,20.5,3.5,1.4,20.0,0.0,0.0,0.0,0.0,
2025-03-02,Breakfast,635.0,25.2,8.5,4.8,6.8,0.0,558.0,389.0,207.0,61.0,6.3,11.3,42.5,0.0,0.0,8.4,14.6,
2025-03-03,Breakfast,680.3,28.0,9.2,5.7,8.6,0.0,744.0,460.2,276.0,56.8,6.3,8.0,51.6,0.0,0.0,11.2,19.4,
2025-04-15,Lunch,510.7,31.4,13.1,4.1,11.2,0.0,583.8,513.1,1021.7,32.0,3.4,20.8,24.2,187.5,40.0,12.6,20.0,
2025-04-16,Dinner,682.8,49.7,7.6,1.5,9.8,0.0,0.0,6.3,211.1,13.0,2.7,3.3,44.6,0.0,20.3,3.7,6.1,
2025-04-16,Lunch,560.2,42.5,19.8,2.9,5.5,0.0,629.0,1065.0,207.0,7.4,3.1,1.9,37.1,0.0,5.4,61.3,18.2,
2025-04-16,Snacks,114.5,0.3,0.1,0.1,0.0,0.0,0.0,0.0,384.7,26.8,2.0,18.6,0.9,0.0,23.6,0.6,0.0,
2025-04-17,Lunch,439.1,28.4,9.5,3.2,9.3,0.0,558.0,240.9,634.1,18.9,2.8,13.7,26.6,187.5,18.8,168.0,21.6,
2025-04-19,Dinner,1062.9,60.2,17.7,1.6,19.7,1.5,215.0,295.7,1199.5,50.3,14.3,9.0,87.4,0.5,0.0,2.0,49.3,
2025-04-19,Lunch,586.6,28.3,12.5,3.0,7.3,0.0,420.0,951.1,757.4,25.0,5.8,11.5,58.9,187.5,28.2,43.8,15.1,
2025-04-19,Snacks,98.2,4.6,2.0,0.0,0.0,0.0,0.0,0.0,0.0,13.4,0.4,4.0,12.4,0.0,0.0,0.0,0.0,
2025-04-23,Dinner,831.0,28.9,6.2,1.7,2.7,0.0,187.0,232.8,563.2,65.3,4.5,0.6,80.8,0.9,0.0,3.3,12.7,
2025-04-23,Lunch,696.1,22.1,5.6,0.0,0.0,0.0,0.0,204.0,0.0,81.4,7.0,8.7,45.4,0.0,0.0,0.0,0.0,
2025-04-24,Dinner,549.7,9.2,2.2,1.4,2.2,0.0,151.3,221.7,455.7,56.9,4.1,4.6,61.4,20.7,8.0,2.7,12.3,
2025-04-24,Lunch,810.0,28.2,4.4,0.0,0.0,0.0,0.0,240.0,0.0,102.6,0.8,15.8,34.4,0.0,0.0,0.0,0.0,
2025-04-24,Snacks,245.0,14.0,8.6,0.0,0.0,0.0,0.0,0.0,0.0,26.6,0.6,20.0,3.2,0.0,0.0,0.0,0.0,
2025-05-23,Lunch,1888.8,77.2,17.4,10.1,9.9,0.0,148.0,983.4,943.8,206.6,4.5,30.3,87.4,2.6,15.6,0.0,2.6,
2025-05-27,Lunch,810.5,30.0,6.0,0.0,0.0,0.0,0.0,1050.0,0.0,78.2,2.9,12.6,57.7,0.0,0.0,35.0,16.0,
2025-05-28,Dinner,941.8,31.8,6.3,0.0,0.0,0.0,0.0,1051.6,277.2,104.8,5.5,35.2,62.3,13.2,92.4,36.6,17.3,
2025-05-28,Lunch,504.9,19.9,5.2,3.6,8.7,0.0,558.0,240.9,634.1,50.3,4.2,2.1,31.5,187.5,16.4,11.7,20.0,
2025-05-28,Snacks,305.1,15.2,9.0,0.5,2.7,0.0,34.3,246.4,89.7,34.5,0.5,22.8,8.0,12.4,37.2,32.3,6.9,
2025-05-29,Dinner,821.7,30.0,12.0,1.3,7.6,0.4,46.0,9.0,53.2,63.0,3.0,2.2,77.2,0.0,0.0,32.0,0.0,
2025-05-29,Lunch,572.3,27.7,5.2,3.5,8.7,0.0,558.0,213.0,207.0,46.5,2.8,0.6,34.3,0.0,0.0,8.4,14.6,
2025-05-29,Snacks,368.6,12.7,2.2,0.2,0.1,0.0,0.0,37.9,195.0,51.9,3.2,21.6,14.8,0.0,110.3,2.0,3.1,
2025-06-22,Breakfast,364.4,13.9,3.1,1.9,3.7,0.0,372.0,675.0,138.0,24.4,1.4,1.3,34.6,0.0,0.0,5.6,9.7,
2025-06-22,Dinner,329.0,16.9,3.3,3.9,3.8,0.0,55.0,79.0,363.0,17.4,5.4,6.3,24.2,21.0,14.0,0.0,3.0,
2025-06-22,Lunch,286.5,5.9,1.5,1.2,1.9,0.0,127.5,111.0,384.0,6.6,2.9,2.4,49.9,0.6,0.0,2.3,8.7,
2025-06-22,Snacks,274.0,7.1,1.8,1.0,3.6,0.0,0.0,0.2,0.0,12.5,3.4,6.0,41.0,0.0,0.0,0.0,0.0,
2025-07-28,Lunch,717.9,45.7,9.9,6.5,22.0,0.0,744.0,390.1,1024.6,46.6,11.7,3.5,33.8,21.9,21.0,29.3,20.9,
2025-07-28,Snacks,290.1,3.9,2.4,0.0,0.0,0.0,0.0,0.2,0.0,62.6,0.5,55.1,2.0,0.0,0.0,0.0,0.0,
2025-07-29,Breakfast,516.2,19.6,7.2,1.1,2.6,0.0,194.6,528.0,70.0,58.4,8.9,6.5,30.8,0.0,5.2,4.6,8.3,
2025-07-29,Dinner,517.4,19.0,6.0,0.0,0.0,0.0,0.0,0.0,0.0,29.0,2.9,4.7,52.4,0.0,36.0,0.0,0.0,
2025-07-29,Snacks,380.9,2.3,1.2,0.2,0.1,0.0,16.7,93.2,232.6,42.9,5.4,24.9,51.7,1.2,149.0,302.4,3.5,
2025-07-30,Breakfast,565.1,23.7,10.4,1.0,1.8,0.0,186.0,294.2,206.0,36.8,6.4,4.3,52.8,2.6,0.0,16.0,4.9,
2025-07-30,Dinner,645.0,40.6,11.3,6.8,17.6,0.0,0.0,23.8,148.5,25.6,6.0,11.4,46.6,134.0,93.4,2.6,1.0,
2025-07-30,Snacks,48.0,0.3,0.0,0.2,0.0,0.0,0.0,3.8,148.5,10.5,2.3,6.7,0.8,0.0,93.4,2.6,1.0,
2025-07-31,Breakfast,653.8,24.3,6.3,1.9,3.7,0.0,372.0,177.3,275.0,62.6,6.5,22.3,47.5,2.6,0.0,18.8,9.7,
2025-07-31,Dinner,679.5,22.7,5.2,0.0,0.0,0.0,0.0,502.5,322.5,71.3,7.5,7.7,44.8,1.5,36.0,1.5,9.0,
2025-07-31,Snacks,98.0,8.3,6.0,0.0,0.0,0.0,0.0,188.0,0.0,0.1,0.0,0.0,5.7,0.0,0.0,0.0,0.0,
2025-08-01,Dinner,883.5,39.2,1.7,0.0,0.0,0.0,0.0,200.7,0.0,33.0,0.0,14.8,97.5,0.0,0.0,0.0,0.0,
2025-08-01,Lunch,894.0,28.6,6.1,0.0,0.0,0.0,0.0,90.0,0.0,80.0,0.8,18.4,77.4,0.0,0.0,103.0,0.0,
2025-08-02,Breakfast,229.2,6.9,2.4,0.0,0.0,0.0,0.0,35.2,137.0,28.6,3.2,12.4,14.8,2.6,0.0,13.2,0.0,
2025-08-03,Dinner,718.8,39.0,8.4,0.0,0.0,0.1,182.0,152.2,380.5,48.8,0.0,0.0,37.8,0.0,0.0,0.0,0.0,
2025-08-03,Lunch,361.4,5.5,2.7,0.2,0.1,0.0,16.7,93.2,232.6,30.4,6.2,15.7,52.5,1.2,149.0,302.4,3.5,
2025-08-03,Snacks,375.0,21.9,9.7,3.8,5.0,0.0,372.0,506.0,138.0,21.7,2.7,1.6,23.2,0.0,0.0,5.6,9.7,
2025-08-05,Breakfast,619.0,32.9,5.7,3.8,5.0,0.0,372.0,318.0,138.0,25.1,4.4,2.3,45.9,0.0,3.0,6.6,11.7,
2025-08-06,Dinner,540.5,20.5,5.5,2.9,5.5,0.0,558.0,213.0,207.0,64.5,4.6,3.6,25.0,0.0,0.0,8.4,14.6,
2025-08-06,Lunch,710.0,25.7,4.8,0.0,0.0,0.0,0.0,90.0,0.0,82.3,0.8,5.8,34.9,0.0,0.0,108.0,0.0,
2025-08-06,Snacks,357.0,18.5,7.9,0.0,0.0,0.3,33.0,75.9,343.2,42.8,2.0,24.4,5.8,0.0,0.0,99.0,2.1,
2025-08-07,Dinner,596.2,20.9,4.7,0.0,0.0,0.0,0.0,469.0,301.0,63.4,4.6,3.0,39.8,1.4,0.0,1.4,8.4,
2025-08-07,Lunch,694.0,27.7,1.8,0.0,0.0,0.0,0.0,0.0,0.0,77.7,0.8,1.0,31.8,0.0,0.0,108.0,0.0,
2025-08-08,Lunch,669.0,32.0,4.6,0.0,0.0,0.0,0.0,0.9,0.0,75.2,2.8,5.8,21.6,0.0,0.0,0.0,0.0,
2025-08-09,Lunch,544.4,18.2,4.8,0.4,3.9,0.0,103.7,875.8,465.5,44.9,2.9,5.6,48.9,0.0,0.0,2.4,12.9,
2025-08-09,Snacks,48.0,0.3,0.0,0.2,0.0,0.0,0.0,3.8,148.5,10.5,2.3,6.7,0.8,0.0,93.4,2.6,1.0,
2025-08-11,Breakfast,802.0,33.9,2.4,0.0,0.0,0.0,0.0,0.0,0.0,89.1,0.0,1.0,33.1,0.0,0.0,108.0,0.0,
2025-08-11,Dinner,629.8,27.6,6.6,0.0,0.0,0.0,0.0,499.4,0.0,41.7,0.4,0.9,52.5,0.0,0.0,0.0,0.0,
2025-08-12,Lunch,564.0,20.4,3.8,0.0,0.0,0.0,0.0,90.0,0.0,68.4,0.0,5.4,24.2,0.0,0.0,0.0,0.0,
2025-08-16,Lunch,950.3,35.8,0.9,0.0,0.0,0.0,0.0,478.8,0.0,92.5,3.5,3.7,68.9,0.0,0.0,0.0,0.0,
2025-08-18,Lunch,743.7,30.4,1.9,0.0,0.0,0.0,0.0,739.9,0.0,66.0,6.0,5.9,48.5,0.0,0.0,0.0,0.0,
2025-09-03,Lunch,509.2,18.4,4.0,1.9,3.7,0.0,372.0,327.0,138.0,59.2,8.7,1.3,29.2,0.0,0.0,5.6,9.7,
2025-11-22,Breakfast,459.0,12.5,3.1,1.9,3.7,0.0,372.0,142.0,138.0,46.7,0.0,0.4,39.6,0.0,0.0,5.6,9.7,
